"โรงพยาบาล","B","A","อัตราต่อพัน"
"11468  :  ทัณฑสถานโรงพยาบาลราชทัณฑ์","0","0","0.00"
"11469  :  โรงพยาบาลเลิดสิน","0","0","0.00"
"11470  :  โรงพยาบาลนพรัตนราชธานี","0","0","0.00"
"11471  :  โรงพยาบาลสงฆ์","0","0","0.00"
"11472  :  โรงพยาบาลราชวิถี","0","3","0.00"
"11477  :  โรงพยาบาลทหารผ่านศึก","0","0","0.00"
"11478  :  โรงพยาบาลสมเด็จพระปิ่นเกล้า","0","0","0.00"
"11481  :  โรงพยาบาลพระมงกุฎเกล้า","0","0","0.00"
"11482  :  โรงพยาบาลภูมิพลอดุลยเดช","0","0","0.00"
"11532  :  โรงพยาบาลสวนเบญจกิติเฉลิมพระเกียรติ84พรรษา","0","0","0.00"
"11534  :  โรงพยาบาลบุรฉัตรไชยากร (รถไฟ)","0","0","0.00"
"11535  :  คณะแพทย์ศาสตร์วชิรพยาบาล มหาวิทยาลัยกรุงเทพมหานคร","0","0","0.00"
"11536  :  โรงพยาบาลเวชการุณย์รัศมิ์","0","0","0.00"
"11537  :  โรงพยาบาลกลาง","0","0","0.00"
"11538  :  โรงพยาบาลลาดกระบังกรุงเทพมหานคร","0","0","0.00"
"11539  :  โรงพยาบาลตากสิน","0","0","0.00"
"11540  :  โรงพยาบาลหลวงพ่อทวีศักดิ์ฯ ชุตินธโร อุทิศ","0","0","0.00"
"11541  :  โรงพยาบาลเจริญกรุงประชารักษ์","0","0","0.00"
"11546  :  โรงพยาบาลบี เอ็น เอช","0","0","0.00"
"11548  :  โรงพยาบาลกรุงเทพคริสเตียน","0","0","0.00"
"11552  :  โรงพยาบาลมเหสักข์","0","0","0.00"
"11559  :  สถานพยาบาลชินเขตงามวงศ์วาน","0","0","0.00"
"11560  :  โรงพยาบาลทั่วไปขนาดใหญ่เปาโล เกษตร","0","0","0.00"
"11565  :  โรงพยาบาลรามคำแหง","0","0","0.00"
"11581  :  โรงพยาบาลผู้สูงอายุขนาดกลางกล้วยน้ำไท 2","0","0","0.00"
"11583  :  โรงพยาบาลกล้วยน้ำไท","0","0","0.00"
"11592  :  โรงพยาบาลบางนา1","0","0","0.00"
"11595  :  นวมินทร์โรงพยาบาลทั่วไปขนาดใหญ่","0","0","0.00"
"11597  :  สถาบันกัลยาณ์ราชนครินทร์","0","0","0.00"
"11600  :  โรงพยาบาลเซนต์หลุยส์","0","0","0.00"
"11603  :  โรงพยาบาลเทียนฟ้ามูลนิธิโรงพยาบาลทั่วไปขนาดกลาง","0","0","0.00"
"11607  :  โรงพยาบาลเปาโลเมโมเรียล","0","0","0.00"
"11609  :  โรงพยาบาลพญาไท 2","0","0","0.00"
"11616  :  โรงพยาบาลสมิติเวชธนบุรี","0","0","0.00"
"11621  :  โรงพยาบาลบางไผ่","0","0","0.00"
"11626  :  โรงพยาบาลคลองตัน","0","0","0.00"
"11628  :  โรงพยาบาลพระราม 9","0","0","0.00"
"11629  :  โรงพยาบาลเพชรเวช","0","0","0.00"
"11640  :  โรงพยาบาลธนบุรี 2","0","0","0.00"
"11641  :  โรงพยาบาลทั่วไปขนาดกลางโรงพยาบาลวิชัยเวช แยกไฟฉาย","0","0","0.00"
"11644  :  โรงพยาบาลเจ้าพระยา","0","0","0.00"
"11645  :  โรงพยาบาลทั่วไปขนาดใหญ่ธนบุรี","0","0","0.00"
"11656  :  โรงพยาบาลเกษมราษฎร์ บางแค","0","0","0.00"
"11661  :  โรงพยาบาลวิชัยเวช อินเตอร์เนชั่นแนล หนองแขม","0","0","0.00"
"11667  :  โรงพยาบาลประชาพัฒน์","0","0","0.00"
"11668  :  โรงพยาบาลสุขสวัสดิ์","0","0","0.00"
"11669  :  โรงพยาบาลราษฏร์บูรณะ","0","0","0.00"
"11670  :  โรงพยาบาลบางปะกอก 1","0","0","0.00"
"11676  :  โรงพยาบาลยันฮี","0","0","0.00"
"11686  :  โรงพยาบาลบางโพ","0","0","0.00"
"11687  :  โรงพยาบาลเกษมราษฎร์ประชาชื่น","0","0","0.00"
"11691  :  โรงพยาบาลวิภาวดี","0","0","0.00"
"11694  :  โรงพยาบาลจักษุรัตนิน","0","0","0.00"
"11697  :  โรงพยาบาลคามิลเลียน","0","0","0.00"
"11699  :  โรงพยาบาลบำรุงราษฎร์","0","0","0.00"
"11703  :  โรงพยาบาลแพทย์ปัญญา","0","0","0.00"
"11708  :  โรงพยาบาลบางมดโรงพยาบาลทั่วไปขนาดใหญ่","0","0","0.00"
"11715  :  โรงพยาบาลพญาไท 1","0","0","0.00"
"11721  :  โรงพยาบาลเปาโลเมโมเรียล โชคชัย 4","0","0","0.00"
"11729  :  โรงพยาบาลลาดพร้าว","0","0","0.00"
"11730  :  โรงพยาบาลไทยนครินทร์","0","0","0.00"
"11750  :  โรงพยาบาลหัวเฉียวโรงพยาบาลทั่วไปขนาดใหญ่","0","0","0.00"
"11811  :  โรงพยาบาลสมิติเวช","0","0","0.00"
"12243  :  สถาบันพัฒนาสุขภาวะเขตเมือง","0","0","0.00"
"12244  :  สถาบันจิตเวชศาสตร์สมเด็จเจ้าพระยา","0","0","0.00"
"12246  :  สถาบันราชานุกูล","0","0","0.00"
"12249  :  สถาบันโรคผิวหนัง","0","0","0.00"
"12250  :  สถาบันมะเร็งแห่งชาติ","0","0","0.00"
"12438  :  สถาบันสุขภาพเด็กแห่งชาติมหาราชินี","0","0","0.00"
"12439  :  สถาบันประสาทวิทยา","0","0","0.00"
"13756  :  โรงพยาบาลจุฬาลงกรณ์สภากาชาดไทย","0","0","0.00"
"13757  :  โรงพยาบาลเวชศาสตร์เขตร้อน มหาวิทยาลัยมหิดล","0","0","0.00"
"13814  :  โรงพยาบาลศิริราช","0","0","0.00"
"14173  :  โรงพยาบาลตำรวจ","0","0","0.00"
"14572  :  โรงพยาบาลบี.แคร์.เมดิคอลเซ็นเตอร์","0","0","0.00"
"14574  :  โรงพยาบาลพญาไท 3","0","0","0.00"
"14577  :  โรงพยาบาลวิภาราม","0","0","0.00"
"14641  :  โรงพยาบาลราชพิพัฒน์","0","0","0.00"
"14908  :  โรงพยาบาลการุญเวช สุขาภิบาล3","0","0","0.00"
"15049  :  โรงพยาบาลสิรินธร","0","0","0.00"
"15147  :  โรงพยาบาลบางปะกอก 8 โรงพยาบาลทั่วไปขนาดใหญ่","0","0","0.00"
"21673  :  โรงพยาบาลซีจีเอช สายไหม โรงพยาบาลทั่วไปขนาดใหญ่","0","0","0.00"
"22155  :  โรงพยาบาลครู","0","0","0.00"
"22737  :  โรงพยาบาลจุฬาภรณ์","0","0","0.00"
"23762  :  โรงพยาบาลนวุติสมเด็จย่า","0","0","0.00"
"23781  :  นวมินทร์ 9โรงพยาบาลทั่วไปขนาดใหญ่","0","0","0.00"
"23783  :  โรงพยาบาลเสรีรักษ์","0","0","0.00"
"24085  :  สถาบันวิจัยการแพทย์แผนไทย","0","0","0.00"
"24748  :  โรงพยาบาลศิริราช ปิยมหาราชการุณย์","0","0","0.00"
"25015  :  โรงพยาบาลทั่วไปขนาดใหญ่มิตรประชา","0","0","0.00"
"25060  :  โรงพยาบาลผู้สูงอายุบางขุนเทียน","0","0","0.00"
"41329  :  โรงพยาบาลเฉพาะประเภทผู้ป่วยสูงอายุ เฌ้อสเซอรี่โฮมขนาดเล็ก","0","0","0.00"
"41414  :  โรงพยาบาลทหารอากาศ (สีกัน)","0","0","0.00"
"77665  :  โรงพยาบาลการแพทย์แผนไทยและการแพทย์ผสมผสาน","0","0","0.00"
"10685  :  โรงพยาบาลสมุทรปราการ","7,136","34","4.76"
"10752  :  โรงพยาบาลบางบ่อ","824","0","0.00"
"10753  :  โรงพยาบาลบางพลี","1,561","7","4.48"
"10754  :  โรงพยาบาลบางจาก","602","0","0.00"
"10755  :  โรงพยาบาลพระสมุทรเจดีย์สวาทยานนท์","361","0","0.00"
"11769  :  โรงพยาบาลเซ็นทรัลปาร์ค","0","0","0.00"
"11775  :  โรงพยาบาลเมืองสมุทรปู่เจ้าสมิงพราย","0","0","0.00"
"12251  :  โรงพยาบาลยุวประสาทไวทโยปถัมภ์","0","0","0.00"
"15138  :  โรงพยาบาลเมืองสมุทรบางปูโรงพยาบาลทั่วไปขนาดเล็ก","0","0","0.00"
"28785  :  โรงพยาบาลบางเสาธง","0","0","0.00"
"10686  :  โรงพยาบาลพระนั่งเกล้า","2,962","22","7.43"
"10756  :  โรงพยาบาลบางกรวย","238","1","4.20"
"10757  :  โรงพยาบาลบางใหญ่","361","1","2.77"
"10758  :  โรงพยาบาลบางบัวทอง","702","0","0.00"
"10759  :  โรงพยาบาลไทรน้อย","360","0","0.00"
"10760  :  โรงพยาบาลปากเกร็ด","750","0","0.00"
"11781  :  โรงพยาบาลนนทเวช","0","0","0.00"
"11786  :  โรงพยาบาลอนันต์พัฒนา 2","0","0","0.00"
"11787  :  โรงพยาบาลเกษมราษฎร์อินเตอร์เนชั่นแนล รัตนาธิเบศร์โรงพยาบาลทั่วไปขนาดใหญ่","0","0","0.00"
"12256  :  สถาบันโรคทรวงอก","0","0","0.00"
"12257  :  สถาบันบำราศนราดูร","9","0","0.00"
"12258  :  สถาบันสิรินธรเพื่อการฟื้นฟูสมรรถภาพทางการแพทย์แห่งชาติ","0","0","0.00"
"12260  :  โรงพยาบาลศรีธัญญา","0","0","0.00"
"13815  :  ศูนย์การแพทย์ปัญญานันทภิกขุ ชลประทาน มหาวิทยาลัยศรีนครินทรวิโรฒ","0","0","0.00"
"22127  :  โรงพยาบาลชลลดา","0","0","0.00"
"28875  :  โรงพยาบาลบางบัวทอง ๒","0","0","0.00"
"10687  :  โรงพยาบาลปทุมธานี","3,454","19","5.50"
"10761  :  โรงพยาบาลคลองหลวง","356","2","5.62"
"10762  :  โรงพยาบาลธัญบุรี","294","0","0.00"
"10763  :  โรงพยาบาลประชาธิปัตย์","234","1","4.27"
"10764  :  โรงพยาบาลหนองเสือ","113","2","17.70"
"10765  :  โรงพยาบาลลาดหลุมแก้ว","137","0","0.00"
"10766  :  โรงพยาบาลลำลูกกา","333","1","3.00"
"10767  :  โรงพยาบาลสามโคก","169","0","0.00"
"12262  :  สถาบันบำบัดรักษาและฟื้นฟูผู้ติดยาเสพติดแห่งชาติบรมราชชนนี","0","0","0.00"
"14923  :  โรงพยาบาลมหาวชิราลงกรณ ธัญบุรี","0","0","0.00"
"10660  :  โรงพยาบาลพระนครศรีอยุธยา","3,925","46","11.72"
"10688  :  โรงพยาบาลเสนา","1,179","8","6.79"
"10768  :  โรงพยาบาลท่าเรือ","95","0","0.00"
"10769  :  โรงพยาบาลสมเด็จพระสังฆราชเจ้า กรมหลวงชินวราลงกรณ (วาสนมหาเถร)","61","0","0.00"
"10770  :  โรงพยาบาลบางไทร","67","0","0.00"
"10771  :  โรงพยาบาลบางบาล","7","0","0.00"
"10772  :  โรงพยาบาลบางปะอิน","459","1","2.18"
"10773  :  โรงพยาบาลบางปะหัน","23","0","0.00"
"10774  :  โรงพยาบาลผักไห่","38","0","0.00"
"10775  :  โรงพยาบาลภาชี","99","0","0.00"
"10776  :  โรงพยาบาลลาดบัวหลวง","51","0","0.00"
"10777  :  โรงพยาบาลวังน้อย","246","0","0.00"
"10778  :  โรงพยาบาลบางซ้าย","0","0","0.00"
"10779  :  โรงพยาบาลอุทัย","64","0","0.00"
"10780  :  โรงพยาบาลมหาราช","25","0","0.00"
"10781  :  โรงพยาบาลบ้านแพรก","2","0","0.00"
"10689  :  โรงพยาบาลอ่างทอง","1,597","8","5.01"
"10782  :  โรงพยาบาลไชโย","31","0","0.00"
"10784  :  โรงพยาบาลป่าโมก","101","0","0.00"
"10785  :  โรงพยาบาลโพธิ์ทอง","116","0","0.00"
"10786  :  โรงพยาบาลแสวงหา","78","0","0.00"
"10787  :  โรงพยาบาลวิเศษชัยชาญ","313","0","0.00"
"10788  :  โรงพยาบาลสามโก้","24","0","0.00"
"10690  :  โรงพยาบาลพระนารายณ์มหาราช","2,216","24","10.83"
"10691  :  โรงพยาบาลบ้านหมี่","794","1","1.26"
"10789  :  โรงพยาบาลพัฒนานิคม","194","0","0.00"
"10790  :  โรงพยาบาลโคกสำโรง","420","0","0.00"
"10791  :  โรงพยาบาลชัยบาดาล","853","6","7.03"
"10792  :  โรงพยาบาลท่าวุ้ง","57","0","0.00"
"10793  :  โรงพยาบาลท่าหลวง","110","0","0.00"
"10794  :  โรงพยาบาลสระโบสถ์","47","0","0.00"
"10795  :  โรงพยาบาลโคกเจริญ","49","0","0.00"
"10796  :  โรงพยาบาลลำสนธิ","107","0","0.00"
"10797  :  โรงพยาบาลหนองม่วง","58","0","0.00"
"14199  :  โรงพยาบาลมะเร็งลพบุรี","0","0","0.00"
"14928  :  โรงพยาบาลกองบิน 2","0","0","0.00"
"10692  :  โรงพยาบาลสิงห์บุรี","1,098","1","0.91"
"10693  :  โรงพยาบาลอินทร์บุรี","522","5","9.58"
"10798  :  โรงพยาบาลบางระจัน","16","0","0.00"
"10799  :  โรงพยาบาลค่ายบางระจัน","34","0","0.00"
"10800  :  โรงพยาบาลพรหมบุรี","23","0","0.00"
"10801  :  โรงพยาบาลท่าช้าง","15","0","0.00"
"10694  :  โรงพยาบาลชัยนาทนเรนทร","1,234","2","1.62"
"10802  :  โรงพยาบาลมโนรมย์","27","0","0.00"
"10803  :  โรงพยาบาลวัดสิงห์","42","0","0.00"
"10804  :  โรงพยาบาลสรรพยา","24","0","0.00"
"10805  :  โรงพยาบาลสรรคบุรี","74","0","0.00"
"10806  :  โรงพยาบาลหันคา","72","0","0.00"
"27974  :  โรงพยาบาลหนองมะโมง","0","0","0.00"
"27975  :  โรงพยาบาลเนินขาม","0","0","0.00"
"10661  :  โรงพยาบาลสระบุรี","3,928","22","5.60"
"10695  :  โรงพยาบาลพระพุทธบาท","1,314","0","0.00"
"10807  :  โรงพยาบาลแก่งคอย","336","0","0.00"
"10808  :  โรงพยาบาลหนองแค","211","0","0.00"
"10809  :  โรงพยาบาลวิหารแดง","197","0","0.00"
"10810  :  โรงพยาบาลหนองแซง","23","0","0.00"
"10811  :  โรงพยาบาลบ้านหมอ","100","0","0.00"
"10812  :  โรงพยาบาลดอนพุด","11","0","0.00"
"10813  :  โรงพยาบาลหนองโดน","0","0","0.00"
"10814  :  โรงพยาบาลเสาไห้เฉลิมพระเกียรติ80พรรษา","73","0","0.00"
"10815  :  โรงพยาบาลมวกเหล็ก","207","0","0.00"
"10816  :  โรงพยาบาลวังม่วงสัทธรรม","78","1","12.82"
"11485  :  โรงพยาบาลค่ายอดิศร","0","0","0.00"
"10662  :  โรงพยาบาลชลบุรี","5,813","9","1.55"
"10817  :  โรงพยาบาลบ้านบึง","1,763","2","1.13"
"10818  :  โรงพยาบาลหนองใหญ่","268","0","0.00"
"10819  :  โรงพยาบาลบางละมุง","3,568","12","3.36"
"10820  :  โรงพยาบาลวัดญาณสังวราราม","143","0","0.00"
"10821  :  โรงพยาบาลพานทอง","566","0","0.00"
"10822  :  โรงพยาบาลพนัสนิคม","1,880","2","1.06"
"10823  :  โรงพยาบาลแหลมฉบัง","1,446","4","2.77"
"10824  :  โรงพยาบาลเกาะสีชัง","11","0","0.00"
"10825  :  โรงพยาบาลสัตหีบกม10","404","0","0.00"
"10826  :  โรงพยาบาลบ่อทอง","466","0","0.00"
"11486  :  โรงพยาบาลค่ายนวมินทราชินี","0","0","0.00"
"11487  :  โรงพยาบาลอาภากรเกียรติวงศ์","0","0","0.00"
"13754  :  โรงพยาบาลสมเด็จพระบรมราชเทวี ณ ศรีราชา","0","0","0.00"
"13758  :  โรงพยาบาลสมเด็จพระนางเจ้าสิริกิติ์","0","0","0.00"
"13760  :  โรงพยาบาลมะเร็งชลบุรี","0","0","0.00"
"13766  :  โรงพยาบาลมหาวิทยาลัยบูรพา","0","0","0.00"
"28005  :  โรงพยาบาลเมืองพัทยา","0","0","0.00"
"28006  :  โรงพยาบาลเกาะจันทร์","6","0","0.00"
"10663  :  โรงพยาบาลระยอง","4,813","52","10.80"
"10827  :  โรงพยาบาลเฉลิมพระเกียรติสมเด็จพระเทพรัตนราชสุดาฯ สยามบรมราชกุมารี ระยอง","1,507","0","0.00"
"10828  :  โรงพยาบาลบ้านฉาง","212","0","0.00"
"10829  :  โรงพยาบาลแกลง","1,650","0","0.00"
"10830  :  โรงพยาบาลวังจันทร์","113","0","0.00"
"10831  :  โรงพยาบาลบ้านค่าย","283","0","0.00"
"10832  :  โรงพยาบาลปลวกแดง","343","0","0.00"
"22734  :  โรงพยาบาลเขาชะเมา เฉลิมพระเกียรติ 80 พรรษา","0","0","0.00"
"23962  :  โรงพยาบาลนิคมพัฒนา","0","0","0.00"
"10664  :  โรงพยาบาลพระปกเกล้า","2,564","40","15.60"
"10834  :  โรงพยาบาลขลุง","138","0","0.00"
"10835  :  โรงพยาบาลท่าใหม่","42","0","0.00"
"10836  :  โรงพยาบาลเขาสุกิม","56","0","0.00"
"10837  :  โรงพยาบาลสองพี่น้อง","47","0","0.00"
"10838  :  โรงพยาบาลโป่งน้ำร้อน","273","0","0.00"
"10839  :  โรงพยาบาลมะขาม","137","0","0.00"
"10840  :  โรงพยาบาลแหลมสิงห์","54","0","0.00"
"10841  :  โรงพยาบาลสอยดาว","360","0","0.00"
"10842  :  โรงพยาบาลแก่งหางแมว","269","0","0.00"
"10843  :  โรงพยาบาลนายายอาม","130","0","0.00"
"10844  :  โรงพยาบาลเขาคิชฌกูฏ","125","0","0.00"
"10696  :  โรงพยาบาลตราด","2,095","12","5.73"
"10845  :  โรงพยาบาลคลองใหญ่","218","176","807.34"
"10846  :  โรงพยาบาลเขาสมิง","126","0","0.00"
"10847  :  โรงพยาบาลบ่อไร่","132","0","0.00"
"10848  :  โรงพยาบาลแหลมงอบ","70","0","0.00"
"10849  :  โรงพยาบาลเกาะกูด","4","0","0.00"
"13816  :  โรงพยาบาลเกาะช้าง","120","0","0.00"
"10697  :  โรงพยาบาลพุทธโสธร","1,691","6","3.55"
"10833  :  โรงพยาบาลท่าตะเกียบ","248","0","0.00"
"10850  :  โรงพยาบาลบางคล้า","152","1","6.58"
"10851  :  โรงพยาบาลบางน้ำเปรี้ยว","612","0","0.00"
"10852  :  โรงพยาบาลบางปะกง","992","0","0.00"
"10853  :  โรงพยาบาลบ้านโพธิ์","213","1","4.69"
"10854  :  โรงพยาบาลพนมสารคาม","1,134","0","0.00"
"10855  :  โรงพยาบาลสนามชัยเขต","810","0","0.00"
"10856  :  โรงพยาบาลแปลงยาว","257","0","0.00"
"13747  :  โรงพยาบาลราชสาส์น","15","0","0.00"
"31327  :  โรงพยาบาลคลองเขื่อน","0","0","0.00"
"10665  :  โรงพยาบาลเจ้าพระยาอภัยภูเบศร","2,843","23","8.09"
"10857  :  โรงพยาบาลกบินทร์บุรี","1,601","1","0.62"
"10858  :  โรงพยาบาลนาดี","159","0","0.00"
"10859  :  โรงพยาบาลบ้านสร้าง","47","0","0.00"
"10860  :  โรงพยาบาลประจันตคาม","107","0","0.00"
"10861  :  โรงพยาบาลศรีมหาโพธิ","156","0","0.00"
"10862  :  โรงพยาบาลศรีมโหสถ","52","0","0.00"
"11490  :  โรงพยาบาลค่ายจักรพงษ์","0","0","0.00"
"10698  :  โรงพยาบาลนครนายก","1,605","4","2.49"
"10863  :  โรงพยาบาลปากพลี","9","0","0.00"
"10864  :  โรงพยาบาลบ้านนา","211","0","0.00"
"10865  :  โรงพยาบาลองครักษ์","165","0","0.00"
"11491  :  โรงพยาบาลรร.นายร้อยพระจุลจอมเกล้า","0","0","0.00"
"14904  :  โรงพยาบาลศูนย์การแพทย์สมเด็จพระเทพรัตนราชสุดาฯ","0","0","0.00"
"10699  :  โรงพยาบาลสมเด็จพระยุพราชสระแก้ว","2,710","22","8.12"
"10866  :  โรงพยาบาลคลองหาด","241","0","0.00"
"10867  :  โรงพยาบาลตาพระยา","181","0","0.00"
"10868  :  โรงพยาบาลวังน้ำเย็น","336","0","0.00"
"10869  :  โรงพยาบาลวัฒนานคร","249","0","0.00"
"10870  :  โรงพยาบาลอรัญประเทศ","1,000","0","0.00"
"13817  :  โรงพยาบาลเขาฉกรรจ์","198","0","0.00"
"14717  :  โรงพยาบาลจิตเวชสระแก้วราชนครินทร์","0","0","0.00"
"10666  :  โรงพยาบาลมหาราชนครราชสีมา","6,666","92","13.80"
"10871  :  โรงพยาบาลครบุรี","708","0","0.00"
"10872  :  โรงพยาบาลเสิงสาง","262","0","0.00"
"10873  :  โรงพยาบาลคง","111","0","0.00"
"10874  :  โรงพยาบาลบ้านเหลื่อม","83","0","0.00"
"10875  :  โรงพยาบาลจักราช","282","0","0.00"
"10876  :  โรงพยาบาลโชคชัย","1,032","0","0.00"
"10877  :  โรงพยาบาลด่านขุนทด","493","0","0.00"
"10878  :  โรงพยาบาลโนนไทย","226","0","0.00"
"10879  :  โรงพยาบาลโนนสูง","409","0","0.00"
"10880  :  โรงพยาบาลขามสะแกแสง","164","0","0.00"
"10881  :  โรงพยาบาลบัวใหญ่","1,089","1","0.92"
"10882  :  โรงพยาบาลประทาย","229","0","0.00"
"10883  :  โรงพยาบาลปักธงชัย","641","0","0.00"
"10884  :  โรงพยาบาลพิมาย","1,176","0","0.00"
"10885  :  โรงพยาบาลห้วยแถลง","202","0","0.00"
"10886  :  โรงพยาบาลชุมพวง","428","0","0.00"
"10887  :  โรงพยาบาลสูงเนิน","571","1","1.75"
"10888  :  โรงพยาบาลขามทะเลสอ","68","0","0.00"
"10889  :  โรงพยาบาลสีคิ้ว","645","1","1.55"
"10890  :  โรงพยาบาลปากช่องนานา","1,741","0","0.00"
"10891  :  โรงพยาบาลหนองบุญมาก","288","0","0.00"
"10892  :  โรงพยาบาลแก้งสนามนาง","82","0","0.00"
"10893  :  โรงพยาบาลโนนแดง","67","0","0.00"
"10894  :  โรงพยาบาลวังน้ำเขียว","197","0","0.00"
"11492  :  โรงพยาบาลค่ายสุรนารี นครราชสีมา","0","0","0.00"
"11602  :  โรงพยาบาลเฉลิมพระเกียรติสมเด็จย่า 100 ปี","24","0","0.00"
"11608  :  โรงพยาบาลลำทะเมนชัย","10","0","0.00"
"11885  :  โรงพยาบาลเดอะโกลเดนเกท","0","0","0.00"
"11891  :  โรงพยาบาลราชสีมาฮอสพิทอล","0","0","0.00"
"12267  :  ศูนย์อนามัยที่ 9 นครราชสีมา","0","0","0.00"
"12268  :  โรงพยาบาลจิตเวชนครราชสีมาราชนครินทร์","0","0","0.00"
"14161  :  โรงพยาบาลกองบิน กองบิน1","0","0","0.00"
"22456  :  โรงพยาบาลพระทองคำ เฉลิมพระเกียรติ 80 พรรษา","100","0","0.00"
"23839  :  โรงพยาบาลเทพรัตน์นครราชสีมา","1,688","1","0.59"
"24060  :  โรงพยาบาลมหาวิทยาลัยเทคโนโลยีสุรนารี","0","0","0.00"
"24692  :  โรงพยาบาลเฉลิมพระเกียรติ","0","0","0.00"
"27839  :  โรงพยาบาลบัวลาย","0","0","0.00"
"27840  :  โรงพยาบาลสีดา","0","0","0.00"
"27841  :  โรงพยาบาลเทพารักษ์","0","0","0.00"
"10667  :  โรงพยาบาลบุรีรัมย์","6,959","23","3.31"
"10895  :  โรงพยาบาลคูเมือง","150","0","0.00"
"10896  :  โรงพยาบาลกระสัง","376","0","0.00"
"10897  :  โรงพยาบาลนางรอง","1,463","0","0.00"
"10898  :  โรงพยาบาลหนองกี่","216","0","0.00"
"10899  :  โรงพยาบาลละหานทราย","791","1","1.26"
"10900  :  โรงพยาบาลประโคนชัย","330","0","0.00"
"10901  :  โรงพยาบาลบ้านกรวด","244","0","0.00"
"10902  :  โรงพยาบาลพุทไธสง","181","0","0.00"
"10904  :  โรงพยาบาลลำปลายมาศ","412","0","0.00"
"10905  :  โรงพยาบาลสตึก","288","0","0.00"
"10906  :  โรงพยาบาลปะคำ","173","0","0.00"
"10907  :  โรงพยาบาลนาโพธิ์","79","0","0.00"
"10908  :  โรงพยาบาลหนองหงส์","156","0","0.00"
"10909  :  โรงพยาบาลพลับพลาชัย","173","0","0.00"
"10910  :  โรงพยาบาลห้วยราช","93","0","0.00"
"10911  :  โรงพยาบาลโนนสุวรรณ","10","0","0.00"
"10912  :  โรงพยาบาลชำนิ","38","0","0.00"
"10913  :  โรงพยาบาลบ้านใหม่ไชยพจน์","68","0","0.00"
"10914  :  โรงพยาบาลโนนดินแดง","76","0","0.00"
"11493  :  โรงพยาบาลค่ายสมเด็จเจ้าพระยามหากษัตริย์ศึก","0","0","0.00"
"11619  :  โรงพยาบาลเฉลิมพระเกียรติ","58","0","0.00"
"23578  :  โรงพยาบาลแคนดง","4","0","0.00"
"28020  :  โรงพยาบาลบ้านด่าน","2","0","0.00"
"10668  :  โรงพยาบาลสุรินทร์","4,335","26","6.00"
"10915  :  โรงพยาบาลชุมพลบุรี","137","0","0.00"
"10916  :  โรงพยาบาลท่าตูม","842","0","0.00"
"10917  :  โรงพยาบาลจอมพระ","149","0","0.00"
"10918  :  โรงพยาบาลปราสาท","1,806","2","1.11"
"10919  :  โรงพยาบาลกาบเชิง","353","0","0.00"
"10920  :  โรงพยาบาลรัตนบุรี","913","0","0.00"
"10921  :  โรงพยาบาลสนม","103","0","0.00"
"10922  :  โรงพยาบาลศีขรภูมิ","559","0","0.00"
"10923  :  โรงพยาบาลสังขะ","766","0","0.00"
"10924  :  โรงพยาบาลลำดวน","463","0","0.00"
"10925  :  โรงพยาบาลสำโรงทาบ","208","0","0.00"
"10926  :  โรงพยาบาลบัวเชด","285","0","0.00"
"11494  :  โรงพยาบาลค่ายวีรวัฒน์โยธิน","0","0","0.00"
"22302  :  โรงพยาบาลพนมดงรัก เฉลิมพระเกียรติ 80 พรรษา","66","0","0.00"
"27842  :  โรงพยาบาลเขวาสินรินทร์","0","0","0.00"
"27843  :  โรงพยาบาลศรีณรงค์","0","0","0.00"
"27844  :  โรงพยาบาลโนนนารายณ์","0","0","0.00"
"10700  :  โรงพยาบาลศรีสะเกษ","3,131","26","8.30"
"10927  :  โรงพยาบาลยางชุมน้อย","37","0","0.00"
"10928  :  โรงพยาบาลกันทรารมย์","265","0","0.00"
"10929  :  โรงพยาบาลกันทรลักษ์","2,187","0","0.00"
"10930  :  โรงพยาบาลขุขันธ์","598","0","0.00"
"10931  :  โรงพยาบาลไพรบึง","181","0","0.00"
"10932  :  โรงพยาบาลปรางค์กู่","181","0","0.00"
"10933  :  โรงพยาบาลขุนหาญ","595","0","0.00"
"10934  :  โรงพยาบาลราษีไศล","816","1","1.23"
"10935  :  โรงพยาบาลอุทุมพรพิสัย","449","0","0.00"
"10936  :  โรงพยาบาลบึงบูรพ์","20","0","0.00"
"10937  :  โรงพยาบาลห้วยทับทัน","98","0","0.00"
"10938  :  โรงพยาบาลโนนคูณ","59","0","0.00"
"10939  :  โรงพยาบาลศรีรัตนะ","277","0","0.00"
"10940  :  โรงพยาบาลวังหิน","77","0","0.00"
"10941  :  โรงพยาบาลน้ำเกลี้ยง","136","0","0.00"
"10942  :  โรงพยาบาลภูสิงห์","254","0","0.00"
"10943  :  โรงพยาบาลเมืองจันทร์","17","0","0.00"
"23125  :  โรงพยาบาลเบญจลักษ์เฉลิมพระเกียรติ 80 พรรษา","7","0","0.00"
"28014  :  โรงพยาบาลพยุห์","1","0","0.00"
"28015  :  โรงพยาบาลโพธิ์ศรีสุวรรณ","0","0","0.00"
"28016  :  โรงพยาบาลศิลาลาด","0","0","0.00"
"10669  :  โรงพยาบาลสรรพสิทธิประสงค์","5,511","54","9.80"
"10944  :  โรงพยาบาลศรีเมืองใหม่","32","0","0.00"
"10945  :  โรงพยาบาลโขงเจียม","26","0","0.00"
"10946  :  โรงพยาบาลเขื่องใน","26","0","0.00"
"10947  :  โรงพยาบาลเขมราฐ","78","1","12.82"
"10948  :  โรงพยาบาลนาจะหลวย","203","0","0.00"
"10949  :  โรงพยาบาลน้ำยืน","29","0","0.00"
"10950  :  โรงพยาบาลบุณฑริก","26","2","76.92"
"10951  :  โรงพยาบาลตระการพืชผล","224","2","8.93"
"10952  :  โรงพยาบาลกุดข้าวปุ้น","9","0","0.00"
"10953  :  โรงพยาบาลม่วงสามสิบ","125","0","0.00"
"10954  :  โรงพยาบาลวารินชำราบ","102","0","0.00"
"10956  :  โรงพยาบาลพิบูลมังสาหาร","86","2","23.26"
"10957  :  โรงพยาบาลตาลสุม","27","0","0.00"
"10958  :  โรงพยาบาลโพธิ์ไทร","36","0","0.00"
"10959  :  โรงพยาบาลสำโรง","15","0","0.00"
"10960  :  โรงพยาบาลดอนมดแดง","13","0","0.00"
"10961  :  โรงพยาบาลสิรินธร","29","0","0.00"
"10962  :  โรงพยาบาลทุ่งศรีอุดม","27","0","0.00"
"11443  :  โรงพยาบาลสมเด็จพระยุพราชเดชอุดม","3,272","2","0.61"
"11495  :  โรงพยาบาลกองบิน 21","0","0","0.00"
"11496  :  โรงพยาบาลค่ายสรรพสิทธิประสงค์","0","0","0.00"
"11918  :  โรงพยาบาลเอกชนร่มเกล้า","0","0","0.00"
"12269  :  โรงพยาบาลพระศรีมหาโพธิ์","0","0","0.00"
"12270  :  โรงพยาบาลส่งเสริมสุขภาพ ศูนย์อนามัยที่ 10","0","0","0.00"
"21984  :  โรงพยาบาล 50 พรรษา มหาวชิราลงกรณ","0","0","0.00"
"24032  :  โรงพยาบาลนาตาล","5","1","200.00"
"24821  :  โรงพยาบาลนาเยีย","2","0","0.00"
"27967  :  โรงพยาบาลสว่างวีระวงศ์","2","1","500.00"
"27968  :  โรงพยาบาลน้ำขุ่น","1","0","0.00"
"27976  :  โรงพยาบาลเหล่าเสือโก้ก","1","0","0.00"
"10701  :  โรงพยาบาลยโสธร","2,291","12","5.24"
"10963  :  โรงพยาบาลทรายมูล","11","0","0.00"
"10964  :  โรงพยาบาลกุดชุม","149","0","0.00"
"10965  :  โรงพยาบาลคำเขื่อนแก้ว","68","0","0.00"
"10966  :  โรงพยาบาลป่าติ้ว","5","0","0.00"
"10967  :  โรงพยาบาลมหาชนะชัย","45","0","0.00"
"10968  :  โรงพยาบาลค้อวัง","25","1","40.00"
"10969  :  โรงพยาบาลไทยเจริญ","5","0","0.00"
"11444  :  โรงพยาบาลสมเด็จพระยุพราชเลิงนกทา","790","0","0.00"
"11921  :  โรงพยาบาลนายแพทย์หาญ","0","0","0.00"
"04007  :  โรงพยาบาลซับใหญ่","1","0","0.00"
"10702  :  โรงพยาบาลชัยภูมิ","3,475","31","8.92"
"10970  :  โรงพยาบาลบ้านเขว้า","93","0","0.00"
"10971  :  โรงพยาบาลคอนสวรรค์","84","1","11.90"
"10972  :  โรงพยาบาลเกษตรสมบูรณ์","194","0","0.00"
"10973  :  โรงพยาบาลหนองบัวแดง","775","0","0.00"
"10974  :  โรงพยาบาลจัตุรัส","514","0","0.00"
"10975  :  โรงพยาบาลบำเหน็จณรงค์","527","0","0.00"
"10976  :  โรงพยาบาลหนองบัวระเหว","354","0","0.00"
"10977  :  โรงพยาบาลเทพสถิต","248","0","0.00"
"10978  :  โรงพยาบาลภูเขียวเฉลิมพระเกียรติ","1,260","0","0.00"
"10979  :  โรงพยาบาลบ้านแท่น","65","0","0.00"
"10980  :  โรงพยาบาลแก้งคร้อ","653","0","0.00"
"10981  :  โรงพยาบาลคอนสาร","194","0","0.00"
"10982  :  โรงพยาบาลภักดีชุมพล","173","0","0.00"
"10983  :  โรงพยาบาลเนินสง่า","59","0","0.00"
"10703  :  โรงพยาบาลอำนาจเจริญ","2,517","5","1.99"
"10985  :  โรงพยาบาลชานุมาน","245","0","0.00"
"10986  :  โรงพยาบาลปทุมราชวงศา","72","0","0.00"
"10987  :  โรงพยาบาลพนา","36","0","0.00"
"10988  :  โรงพยาบาลเสนางคนิคม","36","0","0.00"
"10989  :  โรงพยาบาลหัวตะพาน","65","0","0.00"
"10990  :  โรงพยาบาลลืออำนาจ","5","0","0.00"
"11040  :  โรงพยาบาลบึงกาฬ","1,811","2","1.10"
"11041  :  โรงพยาบาลพรเจริญ","266","1","3.76"
"11043  :  โรงพยาบาลโซ่พิสัย","348","0","0.00"
"11046  :  โรงพยาบาลเซกา","645","1","1.55"
"11047  :  โรงพยาบาลปากคาด","258","1","3.88"
"11048  :  โรงพยาบาลบึงโขงหลง","411","1","2.43"
"11049  :  โรงพยาบาลศรีวิไล","149","0","0.00"
"11050  :  โรงพยาบาลบุ่งคล้า","2","0","0.00"
"10704  :  โรงพยาบาลหนองบัวลำภู","2,410","8","3.32"
"10991  :  โรงพยาบาลนากลาง","223","0","0.00"
"10992  :  โรงพยาบาลโนนสัง","117","0","0.00"
"10993  :  โรงพยาบาลศรีบุญเรือง","489","0","0.00"
"10994  :  โรงพยาบาลสุวรรณคูหา","249","0","0.00"
"23367  :  โรงพยาบาลนาวัง เฉลิมพระเกียรติ 80 พรรษา","83","0","0.00"
"10670  :  โรงพยาบาลขอนแก่น","6,013","87","14.47"
"10995  :  โรงพยาบาลบ้านฝาง","213","0","0.00"
"10996  :  โรงพยาบาลพระยืน","207","0","0.00"
"10997  :  โรงพยาบาลหนองเรือ","161","0","0.00"
"10998  :  โรงพยาบาลชุมแพ","2,020","2","0.99"
"10999  :  โรงพยาบาลสีชมพู","191","1","5.24"
"11000  :  โรงพยาบาลน้ำพอง","370","0","0.00"
"11001  :  โรงพยาบาลอุบลรัตน์","146","0","0.00"
"11002  :  โรงพยาบาลบ้านไผ่","802","0","0.00"
"11003  :  โรงพยาบาลเปือยน้อย","63","0","0.00"
"11004  :  โรงพยาบาลพล","989","0","0.00"
"11005  :  โรงพยาบาลแวงใหญ่","118","0","0.00"
"11006  :  โรงพยาบาลแวงน้อย","103","0","0.00"
"11007  :  โรงพยาบาลหนองสองห้อง","247","0","0.00"
"11008  :  โรงพยาบาลภูเวียง","312","0","0.00"
"11009  :  โรงพยาบาลมัญจาคีรี","263","0","0.00"
"11010  :  โรงพยาบาลชนบท","113","0","0.00"
"11011  :  โรงพยาบาลเขาสวนกวาง","115","0","0.00"
"11012  :  โรงพยาบาลภูผาม่าน","95","0","0.00"
"11445  :  โรงพยาบาลสมเด็จพระยุพราชกระนวน","474","0","0.00"
"11497  :  โรงพยาบาลค่ายศรีพัชรินทร","0","0","0.00"
"11936  :  โรงพยาบาลขอนแก่นราม","0","0","0.00"
"12272  :  โรงพยาบาลจิตเวชขอนแก่นราชนครินทร์","0","0","0.00"
"12273  :  โรงพยาบาลส่งเสริมสุขภาพ ศูนย์อนามัยที่ 7","610","0","0.00"
"12275  :  โรงพยาบาลสิรินธร(ภาคตะวันออกเฉียงเหนือ)","632","0","0.00"
"13777  :  โรงพยาบาลศรีนครินทร์ มหาวิทยาลัยขอนแก่น","0","0","0.00"
"14132  :  โรงพยาบาลซำสูง","39","0","0.00"
"14196  :  โรงพยาบาลธัญญรักษ์ขอนแก่น","0","0","0.00"
"24746  :  สถาบันสุขภาพจิตเด็กและวัยรุ่นภาคตะวันออกเฉียงเหนือ","0","0","0.00"
"77649  :  โรงพยาบาลหนองนาคำ","0","0","0.00"
"77650  :  โรงพยาบาลเวียงเก่า","0","0","0.00"
"77651  :  โรงพยาบาลโคกโพธิ์ไชย","0","0","0.00"
"77652  :  โรงพยาบาลโนนศิลา","150","0","0.00"
"10671  :  โรงพยาบาลอุดรธานี","2,253","21","9.32"
"11013  :  โรงพยาบาลกุดจับ","305","0","0.00"
"11014  :  โรงพยาบาลหนองวัวซอ","252","0","0.00"
"11015  :  โรงพยาบาลกุมภวาปี","1,184","2","1.69"
"11016  :  โรงพยาบาลห้วยเกิ้ง","0","0","0.00"
"11017  :  โรงพยาบาลโนนสะอาด","142","0","0.00"
"11018  :  โรงพยาบาลหนองหาน","948","2","2.11"
"11019  :  โรงพยาบาลทุ่งฝน","59","0","0.00"
"11020  :  โรงพยาบาลไชยวาน","124","0","0.00"
"11021  :  โรงพยาบาลศรีธาตุ","167","0","0.00"
"11022  :  โรงพยาบาลวังสามหมอ","254","1","3.94"
"11023  :  โรงพยาบาลบ้านผือ","1,026","1","0.97"
"11024  :  โรงพยาบาลน้ำโสม","349","0","0.00"
"11025  :  โรงพยาบาลเพ็ญ","822","0","0.00"
"11026  :  โรงพยาบาลสร้างคอม","111","0","0.00"
"11027  :  โรงพยาบาลหนองแสง","100","1","10.00"
"11028  :  โรงพยาบาลนายูง","76","0","0.00"
"11029  :  โรงพยาบาลพิบูลย์รักษ์","91","0","0.00"
"11446  :  โรงพยาบาลสมเด็จพระยุพราชบ้านดุง","681","0","0.00"
"11501  :  โรงพยาบาลค่ายประจักษ์ศิลปาคม","0","0","0.00"
"12276  :  โรงพยาบาลมะเร็งอุดรธานี","0","0","0.00"
"23951  :  โรงพยาบาลธัญญารักษ์อุดรธานี","0","0","0.00"
"25058  :  โรงพยาบาลกู่แก้ว","0","0","0.00"
"25059  :  โรงพยาบาลประจักษ์ศิลปาคม","2","0","0.00"
"10705  :  โรงพยาบาลเลย","4,106","19","4.63"
"11030  :  โรงพยาบาลนาด้วง","67","0","0.00"
"11031  :  โรงพยาบาลเชียงคาน","179","0","0.00"
"11032  :  โรงพยาบาลปากชม","213","0","0.00"
"11033  :  โรงพยาบาลนาแห้ว","11","0","0.00"
"11034  :  โรงพยาบาลภูเรือ","9","1","111.11"
"11035  :  โรงพยาบาลท่าลี่","127","0","0.00"
"11036  :  โรงพยาบาลวังสะพุง","306","0","0.00"
"11037  :  โรงพยาบาลภูกระดึง","140","0","0.00"
"11038  :  โรงพยาบาลภูหลวง","77","0","0.00"
"11039  :  โรงพยาบาลผาขาว","188","0","0.00"
"11447  :  โรงพยาบาลสมเด็จพระยุพราชด่านซ้าย","896","0","0.00"
"14133  :  โรงพยาบาลเอราวัณ","106","1","9.43"
"14644  :  โรงพยาบาลจิตเวชเลยราชนครินทร์","0","0","0.00"
"28861  :  โรงพยาบาลหนองหิน","57","0","0.00"
"10706  :  โรงพยาบาลหนองคาย","1,910","22","11.52"
"11042  :  โรงพยาบาลโพนพิสัย","1,003","1","1.00"
"11044  :  โรงพยาบาลศรีเชียงใหม่","34","0","0.00"
"11045  :  โรงพยาบาลสังคม","88","0","0.00"
"11448  :  โรงพยาบาลสมเด็จพระยุพราชท่าบ่อ","966","0","0.00"
"14558  :  โรงพยาบาลพิสัยเวช","0","0","0.00"
"21356  :  โรงพยาบาลสระใคร","2","0","0.00"
"28778  :  โรงพยาบาลโพธิ์ตาก","0","0","0.00"
"28811  :  โรงพยาบาลเฝ้าไร่","1","0","0.00"
"28815  :  โรงพยาบาลรัตนวาปี","1","0","0.00"
"10707  :  โรงพยาบาลมหาสารคาม","3,289","24","7.30"
"11051  :  โรงพยาบาลแกดำ","48","0","0.00"
"11052  :  โรงพยาบาลโกสุมพิสัย","328","0","0.00"
"11053  :  โรงพยาบาลกันทรวิชัย","142","0","0.00"
"11054  :  โรงพยาบาลเชียงยืน","208","0","0.00"
"11055  :  โรงพยาบาลบรบือ","712","0","0.00"
"11056  :  โรงพยาบาลนาเชือก","250","0","0.00"
"11057  :  โรงพยาบาลพยัคฆภูมิพิสัย","860","2","2.33"
"11058  :  โรงพยาบาลวาปีปทุม","344","1","2.91"
"11059  :  โรงพยาบาลนาดูน","84","0","0.00"
"11060  :  โรงพยาบาลยางสีสุราช","83","0","0.00"
"22953  :  โรงพยาบาลสุทธาเวช คณะแพทยศาสตร์ มหาวิทยาลัยมหาสารคาม","0","0","0.00"
"24704  :  โรงพยาบาลกุดรัง","0","0","0.00"
"28843  :  โรงพยาบาลชื่นชม","0","0","0.00"
"10708  :  โรงพยาบาลร้อยเอ็ด","3,329","25","7.51"
"11061  :  โรงพยาบาลเกษตรวิสัย","618","0","0.00"
"11062  :  โรงพยาบาลปทุมรัตต์","65","0","0.00"
"11063  :  โรงพยาบาลจตุรพักตรพิมาน","90","0","0.00"
"11064  :  โรงพยาบาลธวัชบุรี","78","0","0.00"
"11065  :  โรงพยาบาลพนมไพร","169","0","0.00"
"11066  :  โรงพยาบาลโพนทอง","1,375","0","0.00"
"11067  :  โรงพยาบาลโพธิ์ชัย","115","0","0.00"
"11068  :  โรงพยาบาลหนองพอก","215","0","0.00"
"11069  :  โรงพยาบาลเสลภูมิ","305","0","0.00"
"11070  :  โรงพยาบาลสุวรรณภูมิ","426","0","0.00"
"11071  :  โรงพยาบาลเมืองสรวง","31","0","0.00"
"11072  :  โรงพยาบาลโพนทราย","12","0","0.00"
"11073  :  โรงพยาบาลอาจสามารถ","108","0","0.00"
"11074  :  โรงพยาบาลเมยวดี","25","0","0.00"
"11075  :  โรงพยาบาลศรีสมเด็จ","15","0","0.00"
"11076  :  โรงพยาบาลจังหาร","58","0","0.00"
"11504  :  โรงพยาบาลค่ายสมเด็จพระพุทธยอดฟ้าจุฬาโลกมหาราช","0","0","0.00"
"11964  :  โรงพยาบาลทั่วไปขนาดใหญ่จุรีเวช","0","0","0.00"
"27988  :  โรงพยาบาลทุ่งเขาหลวง","0","0","0.00"
"27989  :  โรงพยาบาลเชียงขวัญ","0","0","0.00"
"27990  :  โรงพยาบาลหนองฮี","0","0","0.00"
"10709  :  โรงพยาบาลกาฬสินธุ์","2,811","13","4.62"
"11077  :  โรงพยาบาลนามน","129","0","0.00"
"11078  :  โรงพยาบาลกมลาไสย","447","0","0.00"
"11079  :  โรงพยาบาลร่องคำ","46","0","0.00"
"11080  :  โรงพยาบาลเขาวง","241","0","0.00"
"11081  :  โรงพยาบาลยางตลาด","1,204","1","0.83"
"11082  :  โรงพยาบาลห้วยเม็ก","96","0","0.00"
"11083  :  โรงพยาบาลสหัสขันธ์","104","0","0.00"
"11084  :  โรงพยาบาลคำม่วง","291","0","0.00"
"11085  :  โรงพยาบาลท่าคันโท","121","0","0.00"
"11086  :  โรงพยาบาลหนองกุงศรี","183","0","0.00"
"11087  :  โรงพยาบาลสมเด็จ","617","0","0.00"
"11088  :  โรงพยาบาลห้วยผึ้ง","115","0","0.00"
"11449  :  โรงพยาบาลสมเด็จพระยุพราชกุฉินารายณ์","849","1","1.18"
"11965  :  โรงพยาบาลธีรวัฒน์","0","0","0.00"
"28017  :  โรงพยาบาลนาคู","0","0","0.00"
"28789  :  โรงพยาบาลฆ้องชัย","0","0","0.00"
"28790  :  โรงพยาบาลดอนจาน","0","0","0.00"
"28791  :  โรงพยาบาลสามชัย","0","0","0.00"
"10710  :  โรงพยาบาลสกลนคร","2,441","33","13.52"
"11089  :  โรงพยาบาลกุสุมาลย์","228","1","4.39"
"11090  :  โรงพยาบาลกุดบาก","197","0","0.00"
"11091  :  โรงพยาบาลพระอาจารย์ฝั้นอาจาโร","191","0","0.00"
"11092  :  โรงพยาบาลพังโคน","923","0","0.00"
"11093  :  โรงพยาบาลวาริชภูมิ","135","0","0.00"
"11094  :  โรงพยาบาลนิคมน้ำอูน","40","0","0.00"
"11095  :  โรงพยาบาลวานรนิวาส","663","0","0.00"
"11096  :  โรงพยาบาลคำตากล้า","198","1","5.05"
"11097  :  โรงพยาบาลบ้านม่วง","466","0","0.00"
"11098  :  โรงพยาบาลอากาศอำนวย","518","0","0.00"
"11099  :  โรงพยาบาลส่องดาว","148","0","0.00"
"11100  :  โรงพยาบาลเต่างอย","108","0","0.00"
"11101  :  โรงพยาบาลโคกศรีสุพรรณ","180","0","0.00"
"11102  :  โรงพยาบาลเจริญศิลป์","125","0","0.00"
"11103  :  โรงพยาบาลโพนนาแก้ว","123","0","0.00"
"11450  :  โรงพยาบาลสมเด็จพระยุพราชสว่างแดนดิน","2,029","5","2.46"
"11505  :  โรงพยาบาลค่ายกฤษณ์สีวะรา","0","0","0.00"
"21323  :  โรงพยาบาลพระอาจารย์แบน  ธนากโร","198","0","0.00"
"24976  :  โรงพยาบาลการแพทย์แผนไทยสกลนคร หลวงปู่แฟ๊ป สุภัทโท","0","0","0.00"
"10711  :  โรงพยาบาลนครพนม","1,082","0","0.00"
"11104  :  โรงพยาบาลปลาปาก","272","0","0.00"
"11105  :  โรงพยาบาลท่าอุเทน","176","0","0.00"
"11106  :  โรงพยาบาลบ้านแพง","245","1","4.08"
"11107  :  โรงพยาบาลนาทม","107","0","0.00"
"11108  :  โรงพยาบาลเรณูนคร","123","0","0.00"
"11109  :  โรงพยาบาลนาแก","267","2","7.49"
"11110  :  โรงพยาบาลศรีสงคราม","833","1","1.20"
"11111  :  โรงพยาบาลนาหว้า","184","0","0.00"
"11112  :  โรงพยาบาลโพนสวรรค์","200","0","0.00"
"11451  :  โรงพยาบาลสมเด็จพระยุพราชธาตุพนม","664","0","0.00"
"12277  :  โรงพยาบาลจิตเวชนครพนมราชนครินทร์","0","0","0.00"
"40840  :  โรงพยาบาลวังยาง","4","0","0.00"
"10712  :  โรงพยาบาลมุกดาหาร","1,750","10","5.71"
"11113  :  โรงพยาบาลนิคมคำสร้อย","62","0","0.00"
"11114  :  โรงพยาบาลดอนตาล","68","0","0.00"
"11115  :  โรงพยาบาลดงหลวง","153","0","0.00"
"11116  :  โรงพยาบาลคำชะอี","70","0","0.00"
"11117  :  โรงพยาบาลหว้านใหญ่","27","0","0.00"
"11118  :  โรงพยาบาลหนองสูง","19","0","0.00"
"06009  :  โรงพยาบาลแม่ตื่น","0","0","0.00"
"10713  :  โรงพยาบาลนครพิงค์","2,527","24","9.50"
"11119  :  โรงพยาบาลจอมทอง","1,157","4","3.46"
"11120  :  โรงพยาบาลเทพรัตนเวชชานุกูล เฉลิมพระเกียรติ ๖๐ พรรษา","152","0","0.00"
"11121  :  โรงพยาบาลเชียงดาว","692","0","0.00"
"11122  :  โรงพยาบาลดอยสะเก็ด","88","0","0.00"
"11123  :  โรงพยาบาลแม่แตง","296","1","3.38"
"11124  :  โรงพยาบาลสะเมิง","244","0","0.00"
"11125  :  โรงพยาบาลฝาง","1,982","3","1.51"
"11126  :  โรงพยาบาลแม่อาย","571","0","0.00"
"11127  :  โรงพยาบาลพร้าว","93","0","0.00"
"11128  :  โรงพยาบาลสันป่าตอง","625","0","0.00"
"11129  :  โรงพยาบาลสันกำแพง","96","0","0.00"
"11130  :  โรงพยาบาลสันทราย","866","13","15.01"
"11131  :  โรงพยาบาลหางดง","698","0","0.00"
"11132  :  โรงพยาบาลฮอด","187","0","0.00"
"11133  :  โรงพยาบาลดอยเต่า","67","1","14.93"
"11134  :  โรงพยาบาลอมก๋อย","453","0","0.00"
"11135  :  โรงพยาบาลสารภี","262","0","0.00"
"11136  :  โรงพยาบาลเวียงแหง","208","0","0.00"
"11137  :  โรงพยาบาลไชยปราการ","223","0","0.00"
"11138  :  โรงพยาบาลแม่วาง","168","0","0.00"
"11139  :  โรงพยาบาลแม่ออน","41","0","0.00"
"11507  :  โรงพยาบาลกองบิน 41","0","0","0.00"
"11508  :  โรงพยาบาลค่ายกาวิละ เชียงใหม่","0","0","0.00"
"11643  :  โรงพยาบาลดอยหล่อ","42","1","23.81"
"11978  :  โรงพยาบาลดารารัศมี","0","0","0.00"
"11992  :  โรงพยาบาลเทพปัญญา 2 โรงพยาบาลทั่วไปขนาดกลาง","0","0","0.00"
"11995  :  โรงพยาบาลทั่วไปขนาดใหญ่เซ็นทรัลเชียงใหม่ เมโมเรียล","0","0","0.00"
"11999  :  โรงพยาบาลทั่วไปขนาดใหญ่เชียงใหม่เมดิคอลเซ็นเตอร์","0","0","0.00"
"12279  :  โรงพยาบาลส่งเสริมสุขภาพ ศูนย์อนามัยที่ 1","64","0","0.00"
"12280  :  โรงพยาบาลสวนปรุง","0","0","0.00"
"12281  :  โรงพยาบาลประสาทเชียงใหม่","0","0","0.00"
"13775  :  สถาบันพัฒนาการเด็กราชนครินทร์","0","0","0.00"
"13780  :  โรงพยาบาลมหาราชนครเชียงใหม่  มหาวิทยาลัยเชียงใหม่","0","0","0.00"
"13785  :  โรงพยาบาลธัญญารักษ์เชียงใหม่","0","0","0.00"
"14550  :  โรงพยาบาลทั่วไปขนาดใหญ่ เชียงใหม่ใกล้หมอ","0","0","0.00"
"14916  :  โรงพยาบาลทั่วไปขนาดกลางเชียงใหม่ฮอสพิทอล","0","0","0.00"
"23736  :  โรงพยาบาลวัดจันทร์ เฉลิมพระเกียรติ 80 พรรษา","79","0","0.00"
"10714  :  โรงพยาบาลลำพูน","1,820","15","8.24"
"11140  :  โรงพยาบาลแม่ทา","37","0","0.00"
"11141  :  โรงพยาบาลบ้านโฮ่ง","57","0","0.00"
"11142  :  โรงพยาบาลลี้","233","1","4.29"
"11143  :  โรงพยาบาลทุ่งหัวช้าง","99","0","0.00"
"11144  :  โรงพยาบาลป่าซาง","53","1","18.87"
"11145  :  โรงพยาบาลบ้านธิ","52","0","0.00"
"12000  :  โรงพยาบาลหริภุญชัยเมโมเรียล","0","0","0.00"
"14555  :  โรงพยาบาลทั่วไปขนาดกลางศิริเวช ลำพูน","0","0","0.00"
"24956  :  โรงพยาบาลเวียงหนองล่อง","0","0","0.00"
"10672  :  โรงพยาบาลลำปาง","2,066","14","6.78"
"11146  :  โรงพยาบาลแม่เมาะ","3","0","0.00"
"11147  :  โรงพยาบาลเกาะคา","772","0","0.00"
"11148  :  โรงพยาบาลเสริมงาม","16","0","0.00"
"11149  :  โรงพยาบาลงาว","138","0","0.00"
"11150  :  โรงพยาบาลแจ้ห่ม","43","0","0.00"
"11151  :  โรงพยาบาลวังเหนือ","93","0","0.00"
"11152  :  โรงพยาบาลเถิน","346","0","0.00"
"11153  :  โรงพยาบาลแม่พริก","3","0","0.00"
"11154  :  โรงพยาบาลแม่ทะ","19","0","0.00"
"11155  :  โรงพยาบาลสบปราบ","23","0","0.00"
"11156  :  โรงพยาบาลห้างฉัตร","23","0","0.00"
"11157  :  โรงพยาบาลเมืองปาน","27","0","0.00"
"11512  :  โรงพยาบาลค่ายสุรศักดิ์มนตรี","0","0","0.00"
"12283  :  โรงพยาบาลมะเร็งลำปาง","0","0","0.00"
"10673  :  โรงพยาบาลอุตรดิตถ์","2,614","8","3.06"
"11158  :  โรงพยาบาลตรอน","17","0","0.00"
"11159  :  โรงพยาบาลท่าปลา","73","0","0.00"
"11160  :  โรงพยาบาลน้ำปาด","94","0","0.00"
"11161  :  โรงพยาบาลฟากท่า","5","0","0.00"
"11162  :  โรงพยาบาลบ้านโคก","44","0","0.00"
"11163  :  โรงพยาบาลพิชัย","63","0","0.00"
"11164  :  โรงพยาบาลลับแล","23","0","0.00"
"11165  :  โรงพยาบาลทองแสนขัน","33","1","30.30"
"11509  :  โรงพยาบาลค่ายพิชัยดาบหัก","0","0","0.00"
"10715  :  โรงพยาบาลแพร่","2,344","7","2.99"
"11166  :  โรงพยาบาลร้องกวาง","44","0","0.00"
"11167  :  โรงพยาบาลลอง","62","0","0.00"
"11169  :  โรงพยาบาลสูงเม่น","38","0","0.00"
"11170  :  โรงพยาบาลสอง","52","0","0.00"
"11171  :  โรงพยาบาลวังชิ้น","42","0","0.00"
"11172  :  โรงพยาบาลหนองม่วงไข่","1","0","0.00"
"11452  :  โรงพยาบาลสมเด็จพระยุพราชเด่นชัย","104","0","0.00"
"10716  :  โรงพยาบาลน่าน","3,810","7","1.84"
"11173  :  โรงพยาบาลแม่จริม","116","0","0.00"
"11174  :  โรงพยาบาลบ้านหลวง","20","0","0.00"
"11175  :  โรงพยาบาลนาน้อย","43","0","0.00"
"11176  :  โรงพยาบาลท่าวังผา","150","0","0.00"
"11177  :  โรงพยาบาลเวียงสา","202","0","0.00"
"11178  :  โรงพยาบาลทุ่งช้าง","122","0","0.00"
"11179  :  โรงพยาบาลเชียงกลาง","39","0","0.00"
"11180  :  โรงพยาบาลนาหมื่น","20","0","0.00"
"11181  :  โรงพยาบาลสันติสุข","45","0","0.00"
"11182  :  โรงพยาบาลบ่อเกลือ","116","3","25.86"
"11183  :  โรงพยาบาลสองแคว","71","0","0.00"
"11453  :  โรงพยาบาลสมเด็จพระยุพราชปัว","688","1","1.45"
"11510  :  โรงพยาบาลค่ายสุริยพงษ์","0","0","0.00"
"11625  :  โรงพยาบาลเฉลิมพระเกียรติ","94","0","0.00"
"25017  :  โรงพยาบาลภูเพียง","0","0","0.00"
"10717  :  โรงพยาบาลพะเยา","1,732","10","5.77"
"10718  :  โรงพยาบาลเชียงคำ","1,633","3","1.84"
"11184  :  โรงพยาบาลจุน","57","0","0.00"
"11185  :  โรงพยาบาลเชียงม่วน","23","0","0.00"
"11186  :  โรงพยาบาลดอกคำใต้","51","0","0.00"
"11187  :  โรงพยาบาลปง","117","0","0.00"
"11188  :  โรงพยาบาลแม่ใจ","20","0","0.00"
"15140  :  โรงพยาบาลค่ายขุนเจืองธรรมิกราช","0","0","0.00"
"40744  :  โรงพยาบาลภูซาง","0","0","0.00"
"40745  :  โรงพยาบาลภูกามยาว","0","0","0.00"
"41347  :  โรงพยาบาลมหาวิทยาลัยพะเยา","0","0","0.00"
"10674  :  โรงพยาบาลเชียงรายประชานุเคราะห์","6,009","29","4.83"
"11189  :  โรงพยาบาลเทิง","302","0","0.00"
"11190  :  โรงพยาบาลพาน","289","0","0.00"
"11191  :  โรงพยาบาลป่าแดด","28","0","0.00"
"11192  :  โรงพยาบาลแม่จัน","933","0","0.00"
"11193  :  โรงพยาบาลเชียงแสน","368","0","0.00"
"11194  :  โรงพยาบาลแม่สาย","1,295","0","0.00"
"11195  :  โรงพยาบาลแม่สรวย","584","0","0.00"
"11196  :  โรงพยาบาลเวียงป่าเป้า","381","0","0.00"
"11197  :  โรงพยาบาลพญาเม็งราย","158","1","6.33"
"11198  :  โรงพยาบาลเวียงแก่น","519","0","0.00"
"11199  :  โรงพยาบาลขุนตาล","56","0","0.00"
"11200  :  โรงพยาบาลแม่ฟ้าหลวง","504","1","1.98"
"11201  :  โรงพยาบาลแม่ลาว","41","0","0.00"
"11202  :  โรงพยาบาลเวียงเชียงรุ้ง","70","0","0.00"
"11454  :  โรงพยาบาลสมเด็จพระยุพราชเชียงของ","266","0","0.00"
"15012  :  โรงพยาบาลสมเด็จพระญาณสังวร","95","0","0.00"
"23429  :  โรงพยาบาลมหาวิทยาลัยแม่ฟ้าหลวง","0","0","0.00"
"28823  :  โรงพยาบาลดอยหลวง","1","0","0.00"
"41509  :  โรงพยาบาลศูนย์การแพทย์มหาวิทยาลัยแม่ฟ้าหลวง","0","0","0.00"
"10719  :  โรงพยาบาลศรีสังวาลย์","848","4","4.72"
"11203  :  โรงพยาบาลขุนยวม","399","0","0.00"
"11204  :  โรงพยาบาลปาย","385","0","0.00"
"11205  :  โรงพยาบาลแม่สะเรียง","1,019","3","2.94"
"11206  :  โรงพยาบาลแม่ลาน้อย","211","0","0.00"
"11207  :  โรงพยาบาลสบเมย","59","0","0.00"
"11208  :  โรงพยาบาลปางมะผ้า","201","0","0.00"
"14197  :  โรงพยาบาลธัญญรักษ์แม่ฮ่องสอน","0","0","0.00"
"10675  :  โรงพยาบาลสวรรค์ประชารักษ์","3,012","33","10.96"
"11209  :  โรงพยาบาลโกรกพระ","107","0","0.00"
"11210  :  โรงพยาบาลชุมแสง","218","0","0.00"
"11211  :  โรงพยาบาลหนองบัว","243","0","0.00"
"11212  :  โรงพยาบาลบรรพตพิสัย","560","0","0.00"
"11213  :  โรงพยาบาลเก้าเลี้ยว","74","0","0.00"
"11214  :  โรงพยาบาลตาคลี","508","0","0.00"
"11215  :  โรงพยาบาลท่าตะโก","205","1","4.88"
"11216  :  โรงพยาบาลไพศาลี","182","0","0.00"
"11217  :  โรงพยาบาลพยุหะคีรี","120","0","0.00"
"11218  :  โรงพยาบาลลาดยาว","885","1","1.13"
"11219  :  โรงพยาบาลตากฟ้า","126","0","0.00"
"11220  :  โรงพยาบาลแม่วงก์","122","0","0.00"
"11513  :  โรงพยาบาลค่ายจิรประวัติ","0","0","0.00"
"12030  :  โรงพยาบาลพริ้นซ์ ปากน้ำโพ 1 โรงพยาบาลทั่วไปขนาดใหญ่","0","0","0.00"
"12033  :  โรงพยาบาลรวมแพทย์นครสวรรค์","0","0","0.00"
"12034  :  โรงพยาบาลพริ้นซ์ ปากน้ำโพ 2 โรงพยาบาลทั่วไปขนาดใหญ่","0","0","0.00"
"12042  :  โรงพยาบาลร่มฉัตร","0","0","0.00"
"12044  :  โรงพยาบาลศรีสวรรค์","0","0","0.00"
"12284  :  โรงพยาบาลส่งเสริมสุขภาพ ศูนย์อนามัยที่ 3","127","0","0.00"
"14171  :  โรงพยาบาลจิตเวชนครสวรรค์ราชนครินทร์","0","0","0.00"
"40749  :  โรงพยาบาลชุมตาบง","0","0","0.00"
"10720  :  โรงพยาบาลอุทัยธานี","1,413","3","2.12"
"11221  :  โรงพยาบาลทัพทัน","142","0","0.00"
"11222  :  โรงพยาบาลสว่างอารมณ์","141","0","0.00"
"11223  :  โรงพยาบาลหนองฉาง","167","0","0.00"
"11224  :  โรงพยาบาลหนองขาหย่าง","0","0","0.00"
"11225  :  โรงพยาบาลบ้านไร่","153","0","0.00"
"11226  :  โรงพยาบาลลานสัก","174","0","0.00"
"11227  :  โรงพยาบาลห้วยคต","65","0","0.00"
"10721  :  โรงพยาบาลกำแพงเพชร","3,030","13","4.29"
"11228  :  โรงพยาบาลทุ่งโพธิ์ทะเล","45","0","0.00"
"11229  :  โรงพยาบาลไทรงาม","146","0","0.00"
"11230  :  โรงพยาบาลคลองลาน","232","1","4.31"
"11231  :  โรงพยาบาลขาณุวรลักษบุรี","535","1","1.87"
"11232  :  โรงพยาบาลคลองขลุง","431","0","0.00"
"11233  :  โรงพยาบาลพรานกระต่าย","223","1","4.48"
"11234  :  โรงพยาบาลลานกระบือ","100","0","0.00"
"11235  :  โรงพยาบาลทรายทองวัฒนา","137","0","0.00"
"11236  :  โรงพยาบาลปางศิลาทอง","116","0","0.00"
"14135  :  โรงพยาบาลบึงสามัคคี","62","1","16.13"
"28010  :  โรงพยาบาลโกสัมพีนคร","2","0","0.00"
"10722  :  โรงพยาบาลสมเด็จพระเจ้าตากสินมหาราช","1,725","12","6.96"
"10723  :  โรงพยาบาลแม่สอด","2,873","28","9.75"
"11238  :  โรงพยาบาลบ้านตาก","89","0","0.00"
"11239  :  โรงพยาบาลสามเงา","57","0","0.00"
"11240  :  โรงพยาบาลแม่ระมาด","764","1","1.31"
"11241  :  โรงพยาบาลท่าสองยาง","880","2","2.27"
"11242  :  โรงพยาบาลพบพระ","735","2","2.72"
"11243  :  โรงพยาบาลอุ้มผาง","876","16","18.26"
"27443  :  โรงพยาบาลวังเจ้า","0","0","0.00"
"10724  :  โรงพยาบาลสุโขทัย","685","10","14.60"
"10725  :  โรงพยาบาลศรีสังวรสุโขทัย","1,069","3","2.81"
"11244  :  โรงพยาบาลบ้านด่านลานหอย","140","0","0.00"
"11245  :  โรงพยาบาลคีรีมาศ","87","0","0.00"
"11246  :  โรงพยาบาลกงไกรลาศ","86","1","11.63"
"11247  :  โรงพยาบาลศรีสัชนาลัย","206","0","0.00"
"11248  :  โรงพยาบาลสวรรคโลก","482","0","0.00"
"11249  :  โรงพยาบาลศรีนคร","21","0","0.00"
"11250  :  โรงพยาบาลทุ่งเสลี่ยม","79","0","0.00"
"10676  :  โรงพยาบาลพุทธชินราช","3,323","26","7.82"
"11251  :  โรงพยาบาลชาติตระการ","196","2","10.20"
"11252  :  โรงพยาบาลบางระกำ","267","0","0.00"
"11253  :  โรงพยาบาลบางกระทุ่ม","64","0","0.00"
"11254  :  โรงพยาบาลพรหมพิราม","161","0","0.00"
"11255  :  โรงพยาบาลวัดโบสถ์","125","0","0.00"
"11256  :  โรงพยาบาลวังทอง","399","0","0.00"
"11257  :  โรงพยาบาลเนินมะปราง","181","0","0.00"
"11455  :  โรงพยาบาลสมเด็จพระยุพราชนครไทย","404","0","0.00"
"11517  :  โรงพยาบาลค่ายสมเด็จพระนเรศวร","0","0","0.00"
"14972  :  โรงพยาบาลมหาวิทยาลัยนเรศวร","0","0","0.00"
"41429  :  โรงพยาบาลจิตเวชพิษณุโลก","0","0","0.00"
"10726  :  โรงพยาบาลพิจิตร","1,752","23","13.13"
"11258  :  โรงพยาบาลวังทรายพูน","64","0","0.00"
"11259  :  โรงพยาบาลโพธิ์ประทับช้าง","82","0","0.00"
"11260  :  โรงพยาบาลบางมูลนาก","484","2","4.13"
"11261  :  โรงพยาบาลโพทะเล","162","0","0.00"
"11262  :  โรงพยาบาลสามง่าม","71","0","0.00"
"11263  :  โรงพยาบาลทับคล้อ","82","0","0.00"
"11456  :  โรงพยาบาลสมเด็จพระยุพราชตะพานหิน","774","0","0.00"
"11631  :  โรงพยาบาลวชิรบารมี","75","0","0.00"
"27978  :  โรงพยาบาลสากเหล็ก","0","0","0.00"
"27979  :  โรงพยาบาลบึงนาราง","0","0","0.00"
"27980  :  โรงพยาบาลดงเจริญ","0","0","0.00"
"10727  :  โรงพยาบาลเพชรบูรณ์","2,632","9","3.42"
"11264  :  โรงพยาบาลชนแดน","236","0","0.00"
"11265  :  โรงพยาบาลหล่มสัก","927","1","1.08"
"11266  :  โรงพยาบาลวิเชียรบุรี","1,610","3","1.86"
"11267  :  โรงพยาบาลศรีเทพ","232","1","4.31"
"11268  :  โรงพยาบาลหนองไผ่","335","0","0.00"
"11269  :  โรงพยาบาลบึงสามพัน","268","0","0.00"
"11270  :  โรงพยาบาลน้ำหนาว","41","0","0.00"
"11271  :  โรงพยาบาลวังโป่ง","100","0","0.00"
"11272  :  โรงพยาบาลเขาค้อ","429","1","2.33"
"11457  :  โรงพยาบาลสมเด็จพระยุพราชหล่มเก่า","452","0","0.00"
"11946  :  โรงพยาบาลค่ายพ่อขุนผาเมือง","0","0","0.00"
"10677  :  โรงพยาบาลราชบุรี","2,700","23","8.52"
"10728  :  โรงพยาบาลดำเนินสะดวก","796","3","3.77"
"10729  :  โรงพยาบาลบ้านโป่ง","1,655","2","1.21"
"10730  :  โรงพยาบาลโพธาราม","1,219","3","2.46"
"11273  :  โรงพยาบาลสวนผึ้ง","473","0","0.00"
"11274  :  โรงพยาบาลบางแพ","89","0","0.00"
"11275  :  โรงพยาบาลเจ็ดเสมียน","26","0","0.00"
"11276  :  โรงพยาบาลปากท่อ","226","1","4.42"
"11277  :  โรงพยาบาลวัดเพลง","29","0","0.00"
"11458  :  โรงพยาบาลสมเด็จพระยุพราชจอมบึง","459","0","0.00"
"11519  :  โรงพยาบาลค่ายภาณุรังษี","0","0","0.00"
"12093  :  สถานพยาบาลแพทย์ประดิษฐ์","0","0","0.00"
"12097  :  มหาชัยพร้อมแพทย์โรงพยาบาลทั่วไปขนาดกลาง","0","0","0.00"
"12098  :  โรงพยาบาลกรุงเทพเมืองราชโรงพยาบาลทั่วไปขนาดใหญ่","0","0","0.00"
"12103  :  โรงพยาบาลซานคามิลโล","0","0","0.00"
"12286  :  โรงพยาบาลส่งเสริมสุขภาพ ศูนย์อนามัยที่ 5","1,037","0","0.00"
"28858  :  โรงพยาบาลบ้านคา","2","0","0.00"
"10731  :  โรงพยาบาลพหลพลพยุหเสนา","2,893","33","11.41"
"10732  :  โรงพยาบาลมะการักษ์","1,140","3","2.63"
"11278  :  โรงพยาบาลไทรโยค","320","0","0.00"
"11279  :  โรงพยาบาลสมเด็จพระปิยมหาราชรมณียเขต","90","0","0.00"
"11280  :  โรงพยาบาลบ่อพลอย","247","0","0.00"
"11281  :  โรงพยาบาลท่ากระดาน","78","1","12.82"
"11282  :  โรงพยาบาลสมเด็จพระสังฆราชองค์ที่ ๑๙","1,553","0","0.00"
"11283  :  โรงพยาบาลทองผาภูมิ","925","0","0.00"
"11284  :  โรงพยาบาลสังขละบุรี","479","0","0.00"
"11285  :  โรงพยาบาลเจ้าคุณไพบูลย์พนมทวน","178","0","0.00"
"11286  :  โรงพยาบาลเลาขวัญ","202","0","0.00"
"11287  :  โรงพยาบาลด่านมะขามเตี้ย","97","1","10.31"
"11288  :  โรงพยาบาลสถานพระบารมี","242","0","0.00"
"11520  :  โรงพยาบาลค่ายสุรสีห์","0","0","0.00"
"14136  :  โรงพยาบาลศุกร์ศิริศรีสวัสดิ์","22","0","0.00"
"21948  :  โรงพยาบาลห้วยกระเจา เฉลิมพระเกียรติ 80 พรรษา","56","0","0.00"
"41701  :  โรงพยาบาลหนองปรือ","0","0","0.00"
"10678  :  โรงพยาบาลเจ้าพระยายมราช","3,064","20","6.53"
"10733  :  โรงพยาบาลสมเด็จพระสังฆราชองค์ที่17","1,627","6","3.69"
"11289  :  โรงพยาบาลเดิมบางนางบวช","201","0","0.00"
"11290  :  โรงพยาบาลด่านช้าง","848","0","0.00"
"11291  :  โรงพยาบาลบางปลาม้า","174","0","0.00"
"11292  :  โรงพยาบาลศรีประจันต์","251","0","0.00"
"11293  :  โรงพยาบาลดอนเจดีย์","192","0","0.00"
"11294  :  โรงพยาบาลสามชุก","288","0","0.00"
"11295  :  โรงพยาบาลอู่ทอง","904","0","0.00"
"11296  :  โรงพยาบาลหนองหญ้าไซ","100","0","0.00"
"12123  :  โรงพยาบาลวิภาวดี-ปิยราษฎร์","0","0","0.00"
"10679  :  โรงพยาบาลนครปฐม","1,683","1","0.59"
"11297  :  โรงพยาบาลกำแพงแสน","866","1","1.15"
"11298  :  โรงพยาบาลนครชัยศรี","223","1","4.48"
"11299  :  โรงพยาบาลห้วยพลู","353","0","0.00"
"11300  :  โรงพยาบาลดอนตูม","174","0","0.00"
"11301  :  โรงพยาบาลบางเลน","218","0","0.00"
"11302  :  โรงพยาบาลสามพราน","1,085","3","2.76"
"11303  :  โรงพยาบาลพุทธมณฑล","267","0","0.00"
"11473  :  โรงพยาบาลเมตตาประชารักษ์(วัดไร่ขิง)","0","0","0.00"
"11521  :  โรงพยาบาลจันทรุเบกษา","0","0","0.00"
"13819  :  โรงพยาบาลหลวงพ่อเปิ่น","0","0","0.00"
"10734  :  โรงพยาบาลสมุทรสาคร","7,780","45","5.78"
"11304  :  โรงพยาบาลกระทุ่มแบน","3,804","11","2.89"
"11305  :  โรงพยาบาลบ้านแพ้ว","1,305","5","3.83"
"12137  :  โรงพยาบาลทั่วไปขนาดเล็กเจษฎา","0","0","0.00"
"10735  :  โรงพยาบาลสมเด็จพระพุทธเลิศหล้า","984","7","7.11"
"11306  :  โรงพยาบาลนภาลัย","32","0","0.00"
"11307  :  โรงพยาบาลอัมพวา","22","0","0.00"
"10736  :  โรงพยาบาลพระจอมเกล้า","2,671","4","1.50"
"11308  :  โรงพยาบาลเขาย้อย","168","0","0.00"
"11309  :  โรงพยาบาลหนองหญ้าปล้อง","90","0","0.00"
"11310  :  โรงพยาบาลชะอำ","583","0","0.00"
"11311  :  โรงพยาบาลท่ายาง","407","0","0.00"
"11312  :  โรงพยาบาลบ้านลาด","99","0","0.00"
"11313  :  โรงพยาบาลบ้านแหลม","109","0","0.00"
"11314  :  โรงพยาบาลแก่งกระจาน","102","0","0.00"
"10737  :  โรงพยาบาลประจวบคีรีขันธ์","1,523","7","4.60"
"11315  :  โรงพยาบาลกุยบุรี","151","1","6.62"
"11316  :  โรงพยาบาลทับสะแก","242","0","0.00"
"11317  :  โรงพยาบาลบางสะพาน","520","0","0.00"
"11318  :  โรงพยาบาลบางสะพานน้อย","262","0","0.00"
"11319  :  โรงพยาบาลปราณบุรี","328","0","0.00"
"11320  :  โรงพยาบาลหัวหิน","2,699","21","7.78"
"11321  :  โรงพยาบาลสามร้อยยอด","306","1","3.27"
"11500  :  โรงพยาบาลกองบิน 5","0","0","0.00"
"11522  :  โรงพยาบาลค่ายธนะรัชต์","0","0","0.00"
"12471  :  สถานีกาชาดหัวหินเฉลิมพระเกียรติ","0","0","0.00"
"10680  :  โรงพยาบาลมหาราชนครศรีธรรมราช","4,152","15","3.61"
"11322  :  โรงพยาบาลพรหมคีรี","35","0","0.00"
"11324  :  โรงพยาบาลลานสะกา","127","0","0.00"
"11325  :  โรงพยาบาลสมเด็จพระยุพราชฉวาง","811","0","0.00"
"11326  :  โรงพยาบาลพิปูน","27","0","0.00"
"11327  :  โรงพยาบาลเชียรใหญ่","292","0","0.00"
"11328  :  โรงพยาบาลชะอวด","308","0","0.00"
"11329  :  โรงพยาบาลท่าศาลา","1,580","2","1.27"
"11330  :  โรงพยาบาลทุ่งสง","1,305","0","0.00"
"11331  :  โรงพยาบาลนาบอน","64","0","0.00"
"11332  :  โรงพยาบาลทุ่งใหญ่","413","0","0.00"
"11333  :  โรงพยาบาลปากพนัง","237","0","0.00"
"11334  :  โรงพยาบาลร่อนพิบูลย์","361","1","2.77"
"11335  :  โรงพยาบาลสิชล","1,163","3","2.58"
"11336  :  โรงพยาบาลขนอม","172","2","11.63"
"11337  :  โรงพยาบาลหัวไทร","286","1","3.50"
"11338  :  โรงพยาบาลบางขัน","268","0","0.00"
"11339  :  โรงพยาบาลถ้ำพรรณรา","56","0","0.00"
"11523  :  โรงพยาบาลค่ายวชิราวุธ","0","0","0.00"
"11660  :  โรงพยาบาลจุฬาภรณ์","68","0","0.00"
"12287  :  โรงพยาบาลส่งเสริมสุขภาพ ศูนย์อนามัยที่ 11","44","0","0.00"
"12472  :  สถานีกาชาดสิริธร (สถานีกาชาดที่ 12 ทุ่งสง)","0","0","0.00"
"14918  :  โรงพยาบาลค่ายเทพสตรีศรีสุนทร","0","0","0.00"
"21771  :  โรงพยาบาลเทศบาลนครนครศรีธรรมราช","0","0","0.00"
"40491  :  โรงพยาบาลเฉลิมพระเกียรติ","0","0","0.00"
"40492  :  โรงพยาบาลพ่อท่านคล้ายวาจาสิทธิ์","1","0","0.00"
"40742  :  โรงพยาบาลนบพิตำ","0","0","0.00"
"40743  :  โรงพยาบาลพระพรหม","0","0","0.00"
"40970  :  โรงพยาบาลศูนย์การแพทย์มหาวิทยาลัยวลัยลักษณ์","0","0","0.00"
"10738  :  โรงพยาบาลกระบี่","4,842","16","3.30"
"11340  :  โรงพยาบาลเขาพนม","215","0","0.00"
"11341  :  โรงพยาบาลเกาะลันตา","135","0","0.00"
"11342  :  โรงพยาบาลคลองท่อม","389","0","0.00"
"11343  :  โรงพยาบาลอ่าวลึก","161","0","0.00"
"11344  :  โรงพยาบาลปลายพระยา","111","0","0.00"
"11345  :  โรงพยาบาลลำทับ","147","0","0.00"
"11346  :  โรงพยาบาลเหนือคลอง","274","0","0.00"
"77753  :  โรงพยาบาลเกาะพีพี","4","0","0.00"
"10739  :  โรงพยาบาลพังงา","985","9","9.14"
"10740  :  โรงพยาบาลตะกั่วป่า","1,077","7","6.50"
"11347  :  โรงพยาบาลเกาะยาวชัยพัฒน์","43","0","0.00"
"11348  :  โรงพยาบาลกะปงชัยพัฒน์","3","0","0.00"
"11349  :  โรงพยาบาลตะกั่วทุ่ง","18","0","0.00"
"11350  :  โรงพยาบาลบางไทร","6","0","0.00"
"11352  :  โรงพยาบาลคุระบุรีชัยพัฒน์","81","0","0.00"
"11353  :  โรงพยาบาลทับปุด","9","0","0.00"
"11354  :  โรงพยาบาลท้ายเหมืองชัยพัฒน์","39","0","0.00"
"10741  :  โรงพยาบาลวชิระภูเก็ต","4,735","37","7.81"
"11355  :  โรงพยาบาลป่าตอง","73","1","13.70"
"11356  :  โรงพยาบาลถลาง","468","2","4.27"
"24678  :  โรงพยาบาลองค์การบริหารส่วนจังหวัดภูเก็ต","0","0","0.00"
"41436  :  โรงพยาบาลฉลอง","0","0","0.00"
"09192  :  โรงพยาบาลเกาะเต่า","0","0","0.00"
"10681  :  โรงพยาบาลสุราษฎร์ธานี","212","54","254.72"
"10742  :  โรงพยาบาลเกาะสมุย","1,899","2","1.05"
"11357  :  โรงพยาบาลกาญจนดิษฐ์","1,048","1","0.95"
"11358  :  โรงพยาบาลดอนสัก","151","0","0.00"
"11359  :  โรงพยาบาลเกาะพงัน","129","0","0.00"
"11360  :  โรงพยาบาลไชยา","300","0","0.00"
"11361  :  โรงพยาบาลท่าชนะ","163","1","6.13"
"11362  :  โรงพยาบาลคีรีรัฐนิคม","174","0","0.00"
"11363  :  โรงพยาบาลบ้านตาขุน","78","0","0.00"
"11364  :  โรงพยาบาลพนม","171","0","0.00"
"11365  :  โรงพยาบาลท่าฉาง","178","1","5.62"
"11366  :  โรงพยาบาลบ้านนาสาร","320","3","9.38"
"11367  :  โรงพยาบาลบ้านนาเดิม","113","0","0.00"
"11368  :  โรงพยาบาลเคียนซา","244","0","0.00"
"11369  :  โรงพยาบาลพระแสง","357","0","0.00"
"11370  :  โรงพยาบาลพุนพิน","199","1","5.03"
"11371  :  โรงพยาบาลชัยบุรี","116","0","0.00"
"11459  :  โรงพยาบาลสมเด็จพระยุพราชเวียงสระ","610","0","0.00"
"11654  :  โรงพยาบาลวิภาวดี","131","0","0.00"
"12289  :  โรงพยาบาลสวนสราญรมย์","0","0","0.00"
"14138  :  โรงพยาบาลท่าโรงช้าง","165","0","0.00"
"14203  :  โรงพยาบาลมะเร็งสุราษฎร์ธานี","0","0","0.00"
"14862  :  โรงพยาบาลกองบิน7","0","0","0.00"
"14901  :  โรงพยาบาลค่ายวิภาวดีรังสิต","0","0","0.00"
"40915  :  สถาบันสุขภาพจิตเด็กและวัยรุ่นภาคใต้","0","0","0.00"
"10743  :  โรงพยาบาลระนอง","2,502","20","7.99"
"11323  :  โรงพยาบาลละอุ่น","10","1","100.00"
"11372  :  โรงพยาบาลกะเปอร์","83","0","0.00"
"11373  :  โรงพยาบาลกระบุรี","93","0","0.00"
"11374  :  โรงพยาบาลสุขสำราญ","73","0","0.00"
"10744  :  โรงพยาบาลชุมพรเขตรอุดมศักดิ์","3,442","18","5.23"
"11375  :  โรงพยาบาลปากน้ำชุมพร","135","0","0.00"
"11376  :  โรงพยาบาลท่าแซะ","135","0","0.00"
"11377  :  โรงพยาบาลปะทิว","158","0","0.00"
"11378  :  โรงพยาบาลมาบอำมฤต","189","0","0.00"
"11379  :  โรงพยาบาลหลังสวน","1,322","1","0.76"
"11380  :  โรงพยาบาลปากน้ำหลังสวน","59","0","0.00"
"11381  :  โรงพยาบาลละแม","136","0","0.00"
"11382  :  โรงพยาบาลพะโต๊ะ","64","0","0.00"
"11383  :  โรงพยาบาลสวี","272","0","0.00"
"11385  :  โรงพยาบาลทุ่งตะโก","64","0","0.00"
"11525  :  โรงพยาบาลค่ายเขตอุดมศักดิ์","0","0","0.00"
"10682  :  โรงพยาบาลหาดใหญ่","5,158","10","1.94"
"10745  :  โรงพยาบาลสงขลา","3,532","13","3.68"
"11386  :  โรงพยาบาลสทิงพระ","99","0","0.00"
"11387  :  โรงพยาบาลจะนะ","268","0","0.00"
"11388  :  โรงพยาบาลสมเด็จพระบรมราชินีนาถ ณ  อำเภอนาทวี","1,131","1","0.88"
"11390  :  โรงพยาบาลเทพา","594","2","3.37"
"11391  :  โรงพยาบาลสะบ้าย้อย","743","2","2.69"
"11392  :  โรงพยาบาลระโนด","183","0","0.00"
"11393  :  โรงพยาบาลกระแสสินธุ์","20","0","0.00"
"11394  :  โรงพยาบาลรัตภูมิ","334","1","2.99"
"11395  :  โรงพยาบาลสะเดา","547","0","0.00"
"11396  :  โรงพยาบาลนาหม่อม","28","0","0.00"
"11397  :  โรงพยาบาลควนเนียง","80","0","0.00"
"11398  :  โรงพยาบาลปาดังเบซาร์","291","1","3.44"
"11399  :  โรงพยาบาลบางกล่ำ","97","0","0.00"
"11400  :  โรงพยาบาลสิงหนคร","98","0","0.00"
"11401  :  โรงพยาบาลคลองหอยโข่ง","91","0","0.00"
"12290  :  โรงพยาบาลจิตเวชสงขลาราชนครินทร์","0","0","0.00"
"14194  :  โรงพยาบาลธัญญารักษ์สงขลา","0","0","0.00"
"10746  :  โรงพยาบาลสตูล","2,759","12","4.35"
"11402  :  โรงพยาบาลควนโดน","130","0","0.00"
"11403  :  โรงพยาบาลควนกาหลง","218","0","0.00"
"11404  :  โรงพยาบาลท่าแพ","143","0","0.00"
"11405  :  โรงพยาบาลละงู","538","0","0.00"
"11406  :  โรงพยาบาลทุ่งหว้า","179","1","5.59"
"28786  :  โรงพยาบาลมะนัง","97","0","0.00"
"10683  :  โรงพยาบาลตรัง","3,816","26","6.81"
"11407  :  โรงพยาบาลกันตัง","395","0","0.00"
"11408  :  โรงพยาบาลย่านตาขาว","423","0","0.00"
"11409  :  โรงพยาบาลปะเหลียน","343","0","0.00"
"11410  :  โรงพยาบาลสิเกา","224","0","0.00"
"11411  :  โรงพยาบาลห้วยยอด","319","0","0.00"
"11412  :  โรงพยาบาลวังวิเศษ","202","0","0.00"
"11413  :  โรงพยาบาลนาโยง","194","0","0.00"
"12226  :  โรงพยาบาลวัฒนแพทย์","0","0","0.00"
"12230  :  โรงพยาบาล ทีอาร์พีเอช โรงพยาบาลทั่วไปขนาดใหญ่","0","0","0.00"
"13755  :  โรงพยาบาลโรคผิวหนังเขตร้อนภาคใต้ จังหวัดตรัง","0","0","0.00"
"14139  :  โรงพยาบาลรัษฎา","161","0","0.00"
"28817  :  โรงพยาบาลหาดสำราญเฉลิมพระเกียรติ 80 พรรษา","1","0","0.00"
"10747  :  โรงพยาบาลพัทลุง","3,032","14","4.62"
"11414  :  โรงพยาบาลกงหรา","99","0","0.00"
"11415  :  โรงพยาบาลเขาชัยสน","117","0","0.00"
"11416  :  โรงพยาบาลตะโหมด","180","0","0.00"
"11417  :  โรงพยาบาลควนขนุน","426","0","0.00"
"11418  :  โรงพยาบาลปากพะยูน","124","0","0.00"
"11419  :  โรงพยาบาลศรีบรรพต","22","0","0.00"
"11420  :  โรงพยาบาลป่าบอน","159","0","0.00"
"11421  :  โรงพยาบาลบางแก้ว","74","1","13.51"
"11422  :  โรงพยาบาลป่าพะยอม","86","0","0.00"
"24673  :  โรงพยาบาลศรีนครินทร์(ปัญญานันทภิขุ)","1","0","0.00"
"10748  :  โรงพยาบาลปัตตานี","4,097","32","7.81"
"11423  :  โรงพยาบาลโคกโพธิ์","639","0","0.00"
"11424  :  โรงพยาบาลหนองจิก","537","0","0.00"
"11425  :  โรงพยาบาลปะนาเระ","452","0","0.00"
"11426  :  โรงพยาบาลมายอ","728","0","0.00"
"11427  :  โรงพยาบาลทุ่งยางแดง","449","0","0.00"
"11428  :  โรงพยาบาลไม้แก่น","205","0","0.00"
"11429  :  โรงพยาบาลยะหริ่ง","917","0","0.00"
"11430  :  โรงพยาบาลยะรัง","791","0","0.00"
"11431  :  โรงพยาบาลแม่ลาน","208","0","0.00"
"11460  :  โรงพยาบาลสมเด็จพระยุพราชสายบุรี","1,160","2","1.72"
"11464  :  โรงพยาบาลกะพ้อ","219","0","0.00"
"11529  :  โรงพยาบาลค่ายอิงคยุทธบริหาร","0","0","0.00"
"14195  :  โรงพยาบาลธัญญรักษ์ปัตตานี","0","0","0.00"
"10684  :  โรงพยาบาลยะลา","4,490","24","5.35"
"10749  :  โรงพยาบาลเบตง","862","8","9.28"
"11432  :  โรงพยาบาลบันนังสตา","577","1","1.73"
"11433  :  โรงพยาบาลธารโต","250","0","0.00"
"11434  :  โรงพยาบาลรามัน","798","0","0.00"
"11461  :  โรงพยาบาลสมเด็จพระยุพราชยะหา","750","1","1.33"
"12238  :  โรงพยาบาลสิโรรส","0","0","0.00"
"13806  :  โรงพยาบาลกาบัง","330","0","0.00"
"14663  :  โรงพยาบาลส่งเสริมสุขภาพ ศูนย์อนามัยที่ 12","1,493","2","1.34"
"24689  :  โรงพยาบาลกรงปินัง","218","0","0.00"
"10750  :  โรงพยาบาลนราธิวาสราชนครินทร์","2,956","37","12.52"
"10751  :  โรงพยาบาลสุไหงโก-ลก","1,435","7","4.88"
"11435  :  โรงพยาบาลตากใบ","604","5","8.28"
"11436  :  โรงพยาบาลบาเจาะ","564","0","0.00"
"11437  :  โรงพยาบาลระแงะ","770","0","0.00"
"11438  :  โรงพยาบาลรือเสาะ","667","0","0.00"
"11439  :  โรงพยาบาลศรีสาคร","390","0","0.00"
"11440  :  โรงพยาบาลแว้ง","348","1","2.87"
"11441  :  โรงพยาบาลสุคิริน","203","0","0.00"
"11442  :  โรงพยาบาลสุไหงปาดี","203","0","0.00"
"13818  :  โรงพยาบาลจะแนะ","235","2","8.51"
"15010  :  โรงพยาบาลเจาะไอร้อง","276","0","0.00"
"23771  :  โรงพยาบาลยี่งอเฉลิมพระเกียรติ 80 พรรษา","351","0","0.00"