"โรงพยาบาล","B","A","อัตรา(100)"
"11468  :  ทัณฑสถานโรงพยาบาลราชทัณฑ์","0","0","0.00"
"11469  :  โรงพยาบาลเลิดสิน","0","0","0.00"
"11470  :  โรงพยาบาลนพรัตนราชธานี","0","0","0.00"
"11471  :  โรงพยาบาลสงฆ์","0","0","0.00"
"11472  :  โรงพยาบาลราชวิถี","0","0","0.00"
"11477  :  โรงพยาบาลทหารผ่านศึก","0","0","0.00"
"11478  :  โรงพยาบาลสมเด็จพระปิ่นเกล้า","0","0","0.00"
"11481  :  โรงพยาบาลพระมงกุฎเกล้า","0","0","0.00"
"11482  :  โรงพยาบาลภูมิพลอดุลยเดช","0","0","0.00"
"11532  :  โรงพยาบาลสวนเบญจกิติเฉลิมพระเกียรติ84พรรษา","0","0","0.00"
"11534  :  โรงพยาบาลบุรฉัตรไชยากร (รถไฟ)","0","0","0.00"
"11535  :  คณะแพทย์ศาสตร์วชิรพยาบาล มหาวิทยาลัยกรุงเทพมหานคร","0","0","0.00"
"11536  :  โรงพยาบาลเวชการุณย์รัศมิ์","0","0","0.00"
"11537  :  โรงพยาบาลกลาง","0","0","0.00"
"11538  :  โรงพยาบาลลาดกระบังกรุงเทพมหานคร","0","0","0.00"
"11539  :  โรงพยาบาลตากสิน","0","0","0.00"
"11540  :  โรงพยาบาลหลวงพ่อทวีศักดิ์ฯ ชุตินธโร อุทิศ","0","0","0.00"
"11541  :  โรงพยาบาลเจริญกรุงประชารักษ์","0","0","0.00"
"11546  :  โรงพยาบาลบี เอ็น เอช","0","0","0.00"
"11548  :  โรงพยาบาลกรุงเทพคริสเตียน","0","0","0.00"
"11552  :  โรงพยาบาลมเหสักข์","0","0","0.00"
"11559  :  สถานพยาบาลชินเขตงามวงศ์วาน","0","0","0.00"
"11560  :  โรงพยาบาลทั่วไปขนาดใหญ่เปาโล เกษตร","0","0","0.00"
"11565  :  โรงพยาบาลรามคำแหง","0","0","0.00"
"11581  :  โรงพยาบาลผู้สูงอายุขนาดกลางกล้วยน้ำไท 2","0","0","0.00"
"11583  :  โรงพยาบาลกล้วยน้ำไท","0","0","0.00"
"11592  :  โรงพยาบาลบางนา1","0","0","0.00"
"11595  :  นวมินทร์โรงพยาบาลทั่วไปขนาดใหญ่","0","0","0.00"
"11597  :  สถาบันกัลยาณ์ราชนครินทร์","0","0","0.00"
"11600  :  โรงพยาบาลเซนต์หลุยส์","0","0","0.00"
"11603  :  โรงพยาบาลเทียนฟ้ามูลนิธิโรงพยาบาลทั่วไปขนาดกลาง","0","0","0.00"
"11607  :  โรงพยาบาลเปาโลเมโมเรียล","0","0","0.00"
"11609  :  โรงพยาบาลพญาไท 2","0","0","0.00"
"11616  :  โรงพยาบาลสมิติเวชธนบุรี","0","0","0.00"
"11621  :  โรงพยาบาลบางไผ่","0","0","0.00"
"11626  :  โรงพยาบาลคลองตัน","0","0","0.00"
"11628  :  โรงพยาบาลพระราม 9","0","0","0.00"
"11629  :  โรงพยาบาลเพชรเวช","0","0","0.00"
"11640  :  โรงพยาบาลธนบุรี 2","0","0","0.00"
"11641  :  โรงพยาบาลทั่วไปขนาดกลางโรงพยาบาลวิชัยเวช แยกไฟฉาย","0","0","0.00"
"11644  :  โรงพยาบาลเจ้าพระยา","0","0","0.00"
"11645  :  โรงพยาบาลทั่วไปขนาดใหญ่ธนบุรี","0","0","0.00"
"11656  :  โรงพยาบาลเกษมราษฎร์ บางแค","0","0","0.00"
"11661  :  โรงพยาบาลวิชัยเวช อินเตอร์เนชั่นแนล หนองแขม","0","0","0.00"
"11667  :  โรงพยาบาลประชาพัฒน์","0","0","0.00"
"11668  :  โรงพยาบาลสุขสวัสดิ์","0","0","0.00"
"11669  :  โรงพยาบาลราษฏร์บูรณะ","0","0","0.00"
"11670  :  โรงพยาบาลบางปะกอก 1","0","0","0.00"
"11676  :  โรงพยาบาลยันฮี","0","0","0.00"
"11686  :  โรงพยาบาลบางโพ","0","0","0.00"
"11687  :  โรงพยาบาลเกษมราษฎร์ประชาชื่น","0","0","0.00"
"11691  :  โรงพยาบาลวิภาวดี","0","0","0.00"
"11694  :  โรงพยาบาลจักษุรัตนิน","0","0","0.00"
"11697  :  โรงพยาบาลคามิลเลียน","0","0","0.00"
"11699  :  โรงพยาบาลบำรุงราษฎร์","0","0","0.00"
"11703  :  โรงพยาบาลแพทย์ปัญญา","0","0","0.00"
"11708  :  โรงพยาบาลบางมดโรงพยาบาลทั่วไปขนาดใหญ่","0","0","0.00"
"11715  :  โรงพยาบาลพญาไท 1","0","0","0.00"
"11721  :  โรงพยาบาลเปาโลเมโมเรียล โชคชัย 4","0","0","0.00"
"11729  :  โรงพยาบาลลาดพร้าว","0","0","0.00"
"11730  :  โรงพยาบาลไทยนครินทร์","0","0","0.00"
"11750  :  โรงพยาบาลหัวเฉียวโรงพยาบาลทั่วไปขนาดใหญ่","0","0","0.00"
"11811  :  โรงพยาบาลสมิติเวช","0","0","0.00"
"12243  :  สถาบันพัฒนาสุขภาวะเขตเมือง","0","0","0.00"
"12244  :  สถาบันจิตเวชศาสตร์สมเด็จเจ้าพระยา","0","0","0.00"
"12246  :  สถาบันราชานุกูล","0","0","0.00"
"12249  :  สถาบันโรคผิวหนัง","0","0","0.00"
"12250  :  สถาบันมะเร็งแห่งชาติ","0","0","0.00"
"12438  :  สถาบันสุขภาพเด็กแห่งชาติมหาราชินี","0","0","0.00"
"12439  :  สถาบันประสาทวิทยา","0","0","0.00"
"13756  :  โรงพยาบาลจุฬาลงกรณ์สภากาชาดไทย","0","0","0.00"
"13757  :  โรงพยาบาลเวชศาสตร์เขตร้อน มหาวิทยาลัยมหิดล","0","0","0.00"
"13814  :  โรงพยาบาลศิริราช","0","0","0.00"
"14173  :  โรงพยาบาลตำรวจ","0","0","0.00"
"14572  :  โรงพยาบาลบี.แคร์.เมดิคอลเซ็นเตอร์","0","0","0.00"
"14574  :  โรงพยาบาลพญาไท 3","0","0","0.00"
"14577  :  โรงพยาบาลวิภาราม","0","0","0.00"
"14641  :  โรงพยาบาลราชพิพัฒน์","81","0","0.00"
"14908  :  โรงพยาบาลการุญเวช สุขาภิบาล3","0","0","0.00"
"15049  :  โรงพยาบาลสิรินธร","0","0","0.00"
"15147  :  โรงพยาบาลบางปะกอก 8 โรงพยาบาลทั่วไปขนาดใหญ่","0","0","0.00"
"21673  :  โรงพยาบาลซีจีเอช สายไหม โรงพยาบาลทั่วไปขนาดใหญ่","0","0","0.00"
"22155  :  โรงพยาบาลครู","0","0","0.00"
"22737  :  โรงพยาบาลจุฬาภรณ์","0","0","0.00"
"23762  :  โรงพยาบาลนวุติสมเด็จย่า","0","0","0.00"
"23781  :  นวมินทร์ 9โรงพยาบาลทั่วไปขนาดใหญ่","0","0","0.00"
"23783  :  โรงพยาบาลเสรีรักษ์","0","0","0.00"
"24085  :  สถาบันวิจัยการแพทย์แผนไทย","0","0","0.00"
"24748  :  โรงพยาบาลศิริราช ปิยมหาราชการุณย์","0","0","0.00"
"25015  :  โรงพยาบาลทั่วไปขนาดใหญ่มิตรประชา","0","0","0.00"
"25060  :  โรงพยาบาลผู้สูงอายุบางขุนเทียน","0","0","0.00"
"41329  :  โรงพยาบาลเฉพาะประเภทผู้ป่วยสูงอายุ เฌ้อสเซอรี่โฮมขนาดเล็ก","0","0","0.00"
"41414  :  โรงพยาบาลทหารอากาศ (สีกัน)","0","0","0.00"
"77665  :  โรงพยาบาลการแพทย์แผนไทยและการแพทย์ผสมผสาน","0","0","0.00"
"10685  :  โรงพยาบาลสมุทรปราการ","0","0","0.00"
"10752  :  โรงพยาบาลบางบ่อ","0","0","0.00"
"10753  :  โรงพยาบาลบางพลี","0","0","0.00"
"10754  :  โรงพยาบาลบางจาก","1,130","0","0.00"
"10755  :  โรงพยาบาลพระสมุทรเจดีย์สวาทยานนท์","1,042","0","0.00"
"11769  :  โรงพยาบาลเซ็นทรัลปาร์ค","1,114","0","0.00"
"11775  :  โรงพยาบาลเมืองสมุทรปู่เจ้าสมิงพราย","0","0","0.00"
"12251  :  โรงพยาบาลยุวประสาทไวทโยปถัมภ์","0","0","0.00"
"15138  :  โรงพยาบาลเมืองสมุทรบางปูโรงพยาบาลทั่วไปขนาดเล็ก","966","0","0.00"
"28785  :  โรงพยาบาลบางเสาธง","149","0","0.00"
"10686  :  โรงพยาบาลพระนั่งเกล้า","0","0","0.00"
"10756  :  โรงพยาบาลบางกรวย","367","0","0.00"
"10757  :  โรงพยาบาลบางใหญ่","615","0","0.00"
"10758  :  โรงพยาบาลบางบัวทอง","314","0","0.00"
"10759  :  โรงพยาบาลไทรน้อย","1,147","0","0.00"
"10760  :  โรงพยาบาลปากเกร็ด","764","0","0.00"
"11781  :  โรงพยาบาลนนทเวช","0","0","0.00"
"11786  :  โรงพยาบาลอนันต์พัฒนา 2","0","0","0.00"
"11787  :  โรงพยาบาลเกษมราษฎร์อินเตอร์เนชั่นแนล รัตนาธิเบศร์โรงพยาบาลทั่วไปขนาดใหญ่","0","0","0.00"
"12256  :  สถาบันโรคทรวงอก","0","0","0.00"
"12257  :  สถาบันบำราศนราดูร","0","0","0.00"
"12258  :  สถาบันสิรินธรเพื่อการฟื้นฟูสมรรถภาพทางการแพทย์แห่งชาติ","0","0","0.00"
"12260  :  โรงพยาบาลศรีธัญญา","0","0","0.00"
"13815  :  ศูนย์การแพทย์ปัญญานันทภิกขุ ชลประทาน มหาวิทยาลัยศรีนครินทรวิโรฒ","78","0","0.00"
"22127  :  โรงพยาบาลชลลดา","0","0","0.00"
"28875  :  โรงพยาบาลบางบัวทอง ๒","234","0","0.00"
"10687  :  โรงพยาบาลปทุมธานี","0","0","0.00"
"10761  :  โรงพยาบาลคลองหลวง","337","0","0.00"
"10762  :  โรงพยาบาลธัญบุรี","968","0","0.00"
"10763  :  โรงพยาบาลประชาธิปัตย์","867","0","0.00"
"10764  :  โรงพยาบาลหนองเสือ","329","0","0.00"
"10765  :  โรงพยาบาลลาดหลุมแก้ว","523","0","0.00"
"10766  :  โรงพยาบาลลำลูกกา","0","0","0.00"
"10767  :  โรงพยาบาลสามโคก","248","0","0.00"
"12262  :  สถาบันบำบัดรักษาและฟื้นฟูผู้ติดยาเสพติดแห่งชาติบรมราชชนนี","0","0","0.00"
"14923  :  โรงพยาบาลมหาวชิราลงกรณ ธัญบุรี","0","0","0.00"
"10660  :  โรงพยาบาลพระนครศรีอยุธยา","0","0","0.00"
"10688  :  โรงพยาบาลเสนา","0","0","0.00"
"10768  :  โรงพยาบาลท่าเรือ","777","0","0.00"
"10769  :  โรงพยาบาลสมเด็จพระสังฆราชเจ้า กรมหลวงชินวราลงกรณ (วาสนมหาเถร)","125","0","0.00"
"10770  :  โรงพยาบาลบางไทร","238","0","0.00"
"10771  :  โรงพยาบาลบางบาล","90","0","0.00"
"10772  :  โรงพยาบาลบางปะอิน","440","0","0.00"
"10773  :  โรงพยาบาลบางปะหัน","64","0","0.00"
"10774  :  โรงพยาบาลผักไห่","51","0","0.00"
"10775  :  โรงพยาบาลภาชี","450","0","0.00"
"10776  :  โรงพยาบาลลาดบัวหลวง","167","0","0.00"
"10777  :  โรงพยาบาลวังน้อย","669","0","0.00"
"10778  :  โรงพยาบาลบางซ้าย","259","0","0.00"
"10779  :  โรงพยาบาลอุทัย","49","0","0.00"
"10780  :  โรงพยาบาลมหาราช","61","0","0.00"
"10781  :  โรงพยาบาลบ้านแพรก","82","0","0.00"
"10689  :  โรงพยาบาลอ่างทอง","65","0","0.00"
"10782  :  โรงพยาบาลไชโย","141","0","0.00"
"10784  :  โรงพยาบาลป่าโมก","235","2","0.85"
"10785  :  โรงพยาบาลโพธิ์ทอง","162","3","1.85"
"10786  :  โรงพยาบาลแสวงหา","415","1","0.24"
"10787  :  โรงพยาบาลวิเศษชัยชาญ","318","0","0.00"
"10788  :  โรงพยาบาลสามโก้","99","0","0.00"
"10690  :  โรงพยาบาลพระนารายณ์มหาราช","0","0","0.00"
"10691  :  โรงพยาบาลบ้านหมี่","0","0","0.00"
"10789  :  โรงพยาบาลพัฒนานิคม","616","0","0.00"
"10790  :  โรงพยาบาลโคกสำโรง","452","3","0.66"
"10791  :  โรงพยาบาลชัยบาดาล","856","0","0.00"
"10792  :  โรงพยาบาลท่าวุ้ง","181","2","1.10"
"10793  :  โรงพยาบาลท่าหลวง","407","3","0.74"
"10794  :  โรงพยาบาลสระโบสถ์","516","0","0.00"
"10795  :  โรงพยาบาลโคกเจริญ","355","0","0.00"
"10796  :  โรงพยาบาลลำสนธิ","357","14","3.92"
"10797  :  โรงพยาบาลหนองม่วง","276","10","3.62"
"14199  :  โรงพยาบาลมะเร็งลพบุรี","0","0","0.00"
"14928  :  โรงพยาบาลกองบิน 2","0","0","0.00"
"10692  :  โรงพยาบาลสิงห์บุรี","442","0","0.00"
"10693  :  โรงพยาบาลอินทร์บุรี","188","0","0.00"
"10798  :  โรงพยาบาลบางระจัน","210","0","0.00"
"10799  :  โรงพยาบาลค่ายบางระจัน","372","6","1.61"
"10800  :  โรงพยาบาลพรหมบุรี","272","0","0.00"
"10801  :  โรงพยาบาลท่าช้าง","156","0","0.00"
"10694  :  โรงพยาบาลชัยนาทนเรนทร","0","0","0.00"
"10802  :  โรงพยาบาลมโนรมย์","243","10","4.12"
"10803  :  โรงพยาบาลวัดสิงห์","221","0","0.00"
"10804  :  โรงพยาบาลสรรพยา","156","2","1.28"
"10805  :  โรงพยาบาลสรรคบุรี","370","1","0.27"
"10806  :  โรงพยาบาลหันคา","443","2","0.45"
"27974  :  โรงพยาบาลหนองมะโมง","75","1","1.33"
"27975  :  โรงพยาบาลเนินขาม","0","0","0.00"
"10661  :  โรงพยาบาลสระบุรี","0","0","0.00"
"10695  :  โรงพยาบาลพระพุทธบาท","0","0","0.00"
"10807  :  โรงพยาบาลแก่งคอย","527","0","0.00"
"10808  :  โรงพยาบาลหนองแค","98","0","0.00"
"10809  :  โรงพยาบาลวิหารแดง","0","0","0.00"
"10810  :  โรงพยาบาลหนองแซง","259","0","0.00"
"10811  :  โรงพยาบาลบ้านหมอ","320","0","0.00"
"10812  :  โรงพยาบาลดอนพุด","0","0","0.00"
"10813  :  โรงพยาบาลหนองโดน","246","0","0.00"
"10814  :  โรงพยาบาลเสาไห้เฉลิมพระเกียรติ80พรรษา","183","0","0.00"
"10815  :  โรงพยาบาลมวกเหล็ก","617","0","0.00"
"10816  :  โรงพยาบาลวังม่วงสัทธรรม","368","0","0.00"
"11485  :  โรงพยาบาลค่ายอดิศร","332","0","0.00"
"10662  :  โรงพยาบาลชลบุรี","0","0","0.00"
"10817  :  โรงพยาบาลบ้านบึง","2,419","0","0.00"
"10818  :  โรงพยาบาลหนองใหญ่","471","0","0.00"
"10819  :  โรงพยาบาลบางละมุง","2,489","0","0.00"
"10820  :  โรงพยาบาลวัดญาณสังวราราม","158","0","0.00"
"10821  :  โรงพยาบาลพานทอง","530","0","0.00"
"10822  :  โรงพยาบาลพนัสนิคม","734","0","0.00"
"10823  :  โรงพยาบาลแหลมฉบัง","4,991","7","0.14"
"10824  :  โรงพยาบาลเกาะสีชัง","221","0","0.00"
"10825  :  โรงพยาบาลสัตหีบกม10","2,748","0","0.00"
"10826  :  โรงพยาบาลบ่อทอง","377","0","0.00"
"11486  :  โรงพยาบาลค่ายนวมินทราชินี","312","0","0.00"
"11487  :  โรงพยาบาลอาภากรเกียรติวงศ์","0","0","0.00"
"13754  :  โรงพยาบาลสมเด็จพระบรมราชเทวี ณ ศรีราชา","4,161","0","0.00"
"13758  :  โรงพยาบาลสมเด็จพระนางเจ้าสิริกิติ์","0","0","0.00"
"13760  :  โรงพยาบาลมะเร็งชลบุรี","0","0","0.00"
"13766  :  โรงพยาบาลมหาวิทยาลัยบูรพา","2,647","0","0.00"
"28005  :  โรงพยาบาลเมืองพัทยา","1,223","0","0.00"
"28006  :  โรงพยาบาลเกาะจันทร์","223","0","0.00"
"10663  :  โรงพยาบาลระยอง","0","0","0.00"
"10827  :  โรงพยาบาลเฉลิมพระเกียรติสมเด็จพระเทพรัตนราชสุดาฯ สยามบรมราชกุมารี ระยอง","345","0","0.00"
"10828  :  โรงพยาบาลบ้านฉาง","1,654","0","0.00"
"10829  :  โรงพยาบาลแกลง","280","0","0.00"
"10830  :  โรงพยาบาลวังจันทร์","344","0","0.00"
"10831  :  โรงพยาบาลบ้านค่าย","228","0","0.00"
"10832  :  โรงพยาบาลปลวกแดง","2,607","0","0.00"
"22734  :  โรงพยาบาลเขาชะเมา เฉลิมพระเกียรติ 80 พรรษา","126","0","0.00"
"23962  :  โรงพยาบาลนิคมพัฒนา","237","0","0.00"
"10664  :  โรงพยาบาลพระปกเกล้า","0","0","0.00"
"10834  :  โรงพยาบาลขลุง","592","0","0.00"
"10835  :  โรงพยาบาลท่าใหม่","0","0","0.00"
"10836  :  โรงพยาบาลเขาสุกิม","274","0","0.00"
"10837  :  โรงพยาบาลสองพี่น้อง","312","0","0.00"
"10838  :  โรงพยาบาลโป่งน้ำร้อน","793","0","0.00"
"10839  :  โรงพยาบาลมะขาม","0","0","0.00"
"10840  :  โรงพยาบาลแหลมสิงห์","0","0","0.00"
"10841  :  โรงพยาบาลสอยดาว","0","0","0.00"
"10842  :  โรงพยาบาลแก่งหางแมว","542","0","0.00"
"10843  :  โรงพยาบาลนายายอาม","169","0","0.00"
"10844  :  โรงพยาบาลเขาคิชฌกูฏ","319","0","0.00"
"10696  :  โรงพยาบาลตราด","223","0","0.00"
"10845  :  โรงพยาบาลคลองใหญ่","754","1","0.13"
"10846  :  โรงพยาบาลเขาสมิง","441","0","0.00"
"10847  :  โรงพยาบาลบ่อไร่","420","0","0.00"
"10848  :  โรงพยาบาลแหลมงอบ","261","0","0.00"
"10849  :  โรงพยาบาลเกาะกูด","102","0","0.00"
"13816  :  โรงพยาบาลเกาะช้าง","45","0","0.00"
"10697  :  โรงพยาบาลพุทธโสธร","0","0","0.00"
"10833  :  โรงพยาบาลท่าตะเกียบ","391","0","0.00"
"10850  :  โรงพยาบาลบางคล้า","967","0","0.00"
"10851  :  โรงพยาบาลบางน้ำเปรี้ยว","0","0","0.00"
"10852  :  โรงพยาบาลบางปะกง","0","0","0.00"
"10853  :  โรงพยาบาลบ้านโพธิ์","178","0","0.00"
"10854  :  โรงพยาบาลพนมสารคาม","744","0","0.00"
"10855  :  โรงพยาบาลสนามชัยเขต","1","0","0.00"
"10856  :  โรงพยาบาลแปลงยาว","525","0","0.00"
"13747  :  โรงพยาบาลราชสาส์น","440","1","0.23"
"31327  :  โรงพยาบาลคลองเขื่อน","0","0","0.00"
"10665  :  โรงพยาบาลเจ้าพระยาอภัยภูเบศร","57","0","0.00"
"10857  :  โรงพยาบาลกบินทร์บุรี","664","2","0.30"
"10858  :  โรงพยาบาลนาดี","393","0","0.00"
"10859  :  โรงพยาบาลบ้านสร้าง","207","0","0.00"
"10860  :  โรงพยาบาลประจันตคาม","419","0","0.00"
"10861  :  โรงพยาบาลศรีมหาโพธิ","573","0","0.00"
"10862  :  โรงพยาบาลศรีมโหสถ","538","0","0.00"
"11490  :  โรงพยาบาลค่ายจักรพงษ์","86","0","0.00"
"10698  :  โรงพยาบาลนครนายก","861","0","0.00"
"10863  :  โรงพยาบาลปากพลี","71","0","0.00"
"10864  :  โรงพยาบาลบ้านนา","308","0","0.00"
"10865  :  โรงพยาบาลองครักษ์","169","0","0.00"
"11491  :  โรงพยาบาลรร.นายร้อยพระจุลจอมเกล้า","0","0","0.00"
"14904  :  โรงพยาบาลศูนย์การแพทย์สมเด็จพระเทพรัตนราชสุดาฯ","0","0","0.00"
"10699  :  โรงพยาบาลสมเด็จพระยุพราชสระแก้ว","0","0","0.00"
"10866  :  โรงพยาบาลคลองหาด","661","0","0.00"
"10867  :  โรงพยาบาลตาพระยา","431","0","0.00"
"10868  :  โรงพยาบาลวังน้ำเย็น","1,164","0","0.00"
"10869  :  โรงพยาบาลวัฒนานคร","588","0","0.00"
"10870  :  โรงพยาบาลอรัญประเทศ","751","0","0.00"
"13817  :  โรงพยาบาลเขาฉกรรจ์","272","0","0.00"
"14717  :  โรงพยาบาลจิตเวชสระแก้วราชนครินทร์","0","0","0.00"
"10666  :  โรงพยาบาลมหาราชนครราชสีมา","0","0","0.00"
"10871  :  โรงพยาบาลครบุรี","541","0","0.00"
"10872  :  โรงพยาบาลเสิงสาง","688","0","0.00"
"10873  :  โรงพยาบาลคง","546","0","0.00"
"10874  :  โรงพยาบาลบ้านเหลื่อม","222","0","0.00"
"10875  :  โรงพยาบาลจักราช","634","0","0.00"
"10876  :  โรงพยาบาลโชคชัย","583","5","0.86"
"10877  :  โรงพยาบาลด่านขุนทด","672","2","0.30"
"10878  :  โรงพยาบาลโนนไทย","511","0","0.00"
"10879  :  โรงพยาบาลโนนสูง","513","1","0.19"
"10880  :  โรงพยาบาลขามสะแกแสง","571","0","0.00"
"10881  :  โรงพยาบาลบัวใหญ่","349","10","2.87"
"10882  :  โรงพยาบาลประทาย","545","0","0.00"
"10883  :  โรงพยาบาลปักธงชัย","399","2","0.50"
"10884  :  โรงพยาบาลพิมาย","486","0","0.00"
"10885  :  โรงพยาบาลห้วยแถลง","666","0","0.00"
"10886  :  โรงพยาบาลชุมพวง","580","0","0.00"
"10887  :  โรงพยาบาลสูงเนิน","1,199","11","0.92"
"10888  :  โรงพยาบาลขามทะเลสอ","298","0","0.00"
"10889  :  โรงพยาบาลสีคิ้ว","870","2","0.23"
"10890  :  โรงพยาบาลปากช่องนานา","581","1","0.17"
"10891  :  โรงพยาบาลหนองบุญมาก","263","0","0.00"
"10892  :  โรงพยาบาลแก้งสนามนาง","370","0","0.00"
"10893  :  โรงพยาบาลโนนแดง","332","0","0.00"
"10894  :  โรงพยาบาลวังน้ำเขียว","226","0","0.00"
"11492  :  โรงพยาบาลค่ายสุรนารี นครราชสีมา","0","0","0.00"
"11602  :  โรงพยาบาลเฉลิมพระเกียรติสมเด็จย่า 100 ปี","164","0","0.00"
"11608  :  โรงพยาบาลลำทะเมนชัย","351","0","0.00"
"11885  :  โรงพยาบาลเดอะโกลเดนเกท","816","0","0.00"
"11891  :  โรงพยาบาลราชสีมาฮอสพิทอล","890","0","0.00"
"12267  :  ศูนย์อนามัยที่ 9 นครราชสีมา","0","0","0.00"
"12268  :  โรงพยาบาลจิตเวชนครราชสีมาราชนครินทร์","0","0","0.00"
"14161  :  โรงพยาบาลกองบิน กองบิน1","69","0","0.00"
"22456  :  โรงพยาบาลพระทองคำ เฉลิมพระเกียรติ 80 พรรษา","319","0","0.00"
"23839  :  โรงพยาบาลเทพรัตน์นครราชสีมา","103","0","0.00"
"24060  :  โรงพยาบาลมหาวิทยาลัยเทคโนโลยีสุรนารี","368","0","0.00"
"24692  :  โรงพยาบาลเฉลิมพระเกียรติ","231","0","0.00"
"27839  :  โรงพยาบาลบัวลาย","171","0","0.00"
"27840  :  โรงพยาบาลสีดา","151","0","0.00"
"27841  :  โรงพยาบาลเทพารักษ์","467","0","0.00"
"10667  :  โรงพยาบาลบุรีรัมย์","0","0","0.00"
"10895  :  โรงพยาบาลคูเมือง","769","0","0.00"
"10896  :  โรงพยาบาลกระสัง","646","0","0.00"
"10897  :  โรงพยาบาลนางรอง","0","0","0.00"
"10898  :  โรงพยาบาลหนองกี่","515","0","0.00"
"10899  :  โรงพยาบาลละหานทราย","699","0","0.00"
"10900  :  โรงพยาบาลประโคนชัย","829","0","0.00"
"10901  :  โรงพยาบาลบ้านกรวด","1,174","0","0.00"
"10902  :  โรงพยาบาลพุทไธสง","537","0","0.00"
"10904  :  โรงพยาบาลลำปลายมาศ","0","0","0.00"
"10905  :  โรงพยาบาลสตึก","497","0","0.00"
"10906  :  โรงพยาบาลปะคำ","377","1","0.27"
"10907  :  โรงพยาบาลนาโพธิ์","221","0","0.00"
"10908  :  โรงพยาบาลหนองหงส์","408","0","0.00"
"10909  :  โรงพยาบาลพลับพลาชัย","616","0","0.00"
"10910  :  โรงพยาบาลห้วยราช","174","0","0.00"
"10911  :  โรงพยาบาลโนนสุวรรณ","379","0","0.00"
"10912  :  โรงพยาบาลชำนิ","169","0","0.00"
"10913  :  โรงพยาบาลบ้านใหม่ไชยพจน์","202","0","0.00"
"10914  :  โรงพยาบาลโนนดินแดง","528","1","0.19"
"11493  :  โรงพยาบาลค่ายสมเด็จเจ้าพระยามหากษัตริย์ศึก","4","0","0.00"
"11619  :  โรงพยาบาลเฉลิมพระเกียรติ","380","0","0.00"
"23578  :  โรงพยาบาลแคนดง","423","0","0.00"
"28020  :  โรงพยาบาลบ้านด่าน","432","0","0.00"
"10668  :  โรงพยาบาลสุรินทร์","10","0","0.00"
"10915  :  โรงพยาบาลชุมพลบุรี","464","0","0.00"
"10916  :  โรงพยาบาลท่าตูม","1,153","0","0.00"
"10917  :  โรงพยาบาลจอมพระ","597","6","1.01"
"10918  :  โรงพยาบาลปราสาท","633","0","0.00"
"10919  :  โรงพยาบาลกาบเชิง","432","2","0.46"
"10920  :  โรงพยาบาลรัตนบุรี","765","0","0.00"
"10921  :  โรงพยาบาลสนม","309","0","0.00"
"10922  :  โรงพยาบาลศีขรภูมิ","611","34","5.56"
"10923  :  โรงพยาบาลสังขะ","624","1","0.16"
"10924  :  โรงพยาบาลลำดวน","391","0","0.00"
"10925  :  โรงพยาบาลสำโรงทาบ","510","0","0.00"
"10926  :  โรงพยาบาลบัวเชด","546","0","0.00"
"11494  :  โรงพยาบาลค่ายวีรวัฒน์โยธิน","26","0","0.00"
"22302  :  โรงพยาบาลพนมดงรัก เฉลิมพระเกียรติ 80 พรรษา","194","0","0.00"
"27842  :  โรงพยาบาลเขวาสินรินทร์","218","0","0.00"
"27843  :  โรงพยาบาลศรีณรงค์","248","0","0.00"
"27844  :  โรงพยาบาลโนนนารายณ์","160","1","0.63"
"10700  :  โรงพยาบาลศรีสะเกษ","60","0","0.00"
"10927  :  โรงพยาบาลยางชุมน้อย","328","0","0.00"
"10928  :  โรงพยาบาลกันทรารมย์","648","0","0.00"
"10929  :  โรงพยาบาลกันทรลักษ์","989","0","0.00"
"10930  :  โรงพยาบาลขุขันธ์","812","0","0.00"
"10931  :  โรงพยาบาลไพรบึง","870","0","0.00"
"10932  :  โรงพยาบาลปรางค์กู่","308","0","0.00"
"10933  :  โรงพยาบาลขุนหาญ","425","0","0.00"
"10934  :  โรงพยาบาลราษีไศล","379","0","0.00"
"10935  :  โรงพยาบาลอุทุมพรพิสัย","386","0","0.00"
"10936  :  โรงพยาบาลบึงบูรพ์","249","7","2.81"
"10937  :  โรงพยาบาลห้วยทับทัน","366","0","0.00"
"10938  :  โรงพยาบาลโนนคูณ","142","0","0.00"
"10939  :  โรงพยาบาลศรีรัตนะ","253","0","0.00"
"10940  :  โรงพยาบาลวังหิน","179","0","0.00"
"10941  :  โรงพยาบาลน้ำเกลี้ยง","149","0","0.00"
"10942  :  โรงพยาบาลภูสิงห์","312","0","0.00"
"10943  :  โรงพยาบาลเมืองจันทร์","59","0","0.00"
"23125  :  โรงพยาบาลเบญจลักษ์เฉลิมพระเกียรติ 80 พรรษา","163","0","0.00"
"28014  :  โรงพยาบาลพยุห์","121","0","0.00"
"28015  :  โรงพยาบาลโพธิ์ศรีสุวรรณ","136","0","0.00"
"28016  :  โรงพยาบาลศิลาลาด","199","0","0.00"
"10669  :  โรงพยาบาลสรรพสิทธิประสงค์","0","0","0.00"
"10944  :  โรงพยาบาลศรีเมืองใหม่","548","0","0.00"
"10945  :  โรงพยาบาลโขงเจียม","471","0","0.00"
"10946  :  โรงพยาบาลเขื่องใน","0","0","0.00"
"10947  :  โรงพยาบาลเขมราฐ","1,138","0","0.00"
"10948  :  โรงพยาบาลนาจะหลวย","935","0","0.00"
"10949  :  โรงพยาบาลน้ำยืน","0","0","0.00"
"10950  :  โรงพยาบาลบุณฑริก","412","0","0.00"
"10951  :  โรงพยาบาลตระการพืชผล","423","0","0.00"
"10952  :  โรงพยาบาลกุดข้าวปุ้น","483","0","0.00"
"10953  :  โรงพยาบาลม่วงสามสิบ","346","0","0.00"
"10954  :  โรงพยาบาลวารินชำราบ","171","0","0.00"
"10956  :  โรงพยาบาลพิบูลมังสาหาร","509","0","0.00"
"10957  :  โรงพยาบาลตาลสุม","223","0","0.00"
"10958  :  โรงพยาบาลโพธิ์ไทร","415","0","0.00"
"10959  :  โรงพยาบาลสำโรง","355","0","0.00"
"10960  :  โรงพยาบาลดอนมดแดง","272","0","0.00"
"10961  :  โรงพยาบาลสิรินธร","455","0","0.00"
"10962  :  โรงพยาบาลทุ่งศรีอุดม","354","0","0.00"
"11443  :  โรงพยาบาลสมเด็จพระยุพราชเดชอุดม","0","0","0.00"
"11495  :  โรงพยาบาลกองบิน 21","0","0","0.00"
"11496  :  โรงพยาบาลค่ายสรรพสิทธิประสงค์","406","0","0.00"
"11918  :  โรงพยาบาลเอกชนร่มเกล้า","240","0","0.00"
"12269  :  โรงพยาบาลพระศรีมหาโพธิ์","0","0","0.00"
"12270  :  โรงพยาบาลส่งเสริมสุขภาพ ศูนย์อนามัยที่ 10","0","0","0.00"
"21984  :  โรงพยาบาล 50 พรรษา มหาวชิราลงกรณ","0","0","0.00"
"24032  :  โรงพยาบาลนาตาล","90","0","0.00"
"24821  :  โรงพยาบาลนาเยีย","0","0","0.00"
"27967  :  โรงพยาบาลสว่างวีระวงศ์","0","0","0.00"
"27968  :  โรงพยาบาลน้ำขุ่น","181","0","0.00"
"27976  :  โรงพยาบาลเหล่าเสือโก้ก","73","0","0.00"
"10701  :  โรงพยาบาลยโสธร","0","0","0.00"
"10963  :  โรงพยาบาลทรายมูล","0","0","0.00"
"10964  :  โรงพยาบาลกุดชุม","0","0","0.00"
"10965  :  โรงพยาบาลคำเขื่อนแก้ว","506","0","0.00"
"10966  :  โรงพยาบาลป่าติ้ว","423","0","0.00"
"10967  :  โรงพยาบาลมหาชนะชัย","256","0","0.00"
"10968  :  โรงพยาบาลค้อวัง","285","0","0.00"
"10969  :  โรงพยาบาลไทยเจริญ","213","0","0.00"
"11444  :  โรงพยาบาลสมเด็จพระยุพราชเลิงนกทา","678","0","0.00"
"11921  :  โรงพยาบาลนายแพทย์หาญ","73","0","0.00"
"04007  :  โรงพยาบาลซับใหญ่","278","0","0.00"
"10702  :  โรงพยาบาลชัยภูมิ","0","0","0.00"
"10970  :  โรงพยาบาลบ้านเขว้า","678","0","0.00"
"10971  :  โรงพยาบาลคอนสวรรค์","336","3","0.89"
"10972  :  โรงพยาบาลเกษตรสมบูรณ์","435","0","0.00"
"10973  :  โรงพยาบาลหนองบัวแดง","716","0","0.00"
"10974  :  โรงพยาบาลจัตุรัส","533","0","0.00"
"10975  :  โรงพยาบาลบำเหน็จณรงค์","626","0","0.00"
"10976  :  โรงพยาบาลหนองบัวระเหว","285","0","0.00"
"10977  :  โรงพยาบาลเทพสถิต","647","1","0.15"
"10978  :  โรงพยาบาลภูเขียวเฉลิมพระเกียรติ","1,121","0","0.00"
"10979  :  โรงพยาบาลบ้านแท่น","500","0","0.00"
"10980  :  โรงพยาบาลแก้งคร้อ","827","0","0.00"
"10981  :  โรงพยาบาลคอนสาร","312","0","0.00"
"10982  :  โรงพยาบาลภักดีชุมพล","229","0","0.00"
"10983  :  โรงพยาบาลเนินสง่า","183","0","0.00"
"10703  :  โรงพยาบาลอำนาจเจริญ","0","0","0.00"
"10985  :  โรงพยาบาลชานุมาน","416","0","0.00"
"10986  :  โรงพยาบาลปทุมราชวงศา","473","0","0.00"
"10987  :  โรงพยาบาลพนา","233","0","0.00"
"10988  :  โรงพยาบาลเสนางคนิคม","670","0","0.00"
"10989  :  โรงพยาบาลหัวตะพาน","239","0","0.00"
"10990  :  โรงพยาบาลลืออำนาจ","236","0","0.00"
"11040  :  โรงพยาบาลบึงกาฬ","538","0","0.00"
"11041  :  โรงพยาบาลพรเจริญ","492","0","0.00"
"11043  :  โรงพยาบาลโซ่พิสัย","967","0","0.00"
"11046  :  โรงพยาบาลเซกา","1,047","0","0.00"
"11047  :  โรงพยาบาลปากคาด","482","0","0.00"
"11048  :  โรงพยาบาลบึงโขงหลง","0","0","0.00"
"11049  :  โรงพยาบาลศรีวิไล","624","0","0.00"
"11050  :  โรงพยาบาลบุ่งคล้า","139","0","0.00"
"10704  :  โรงพยาบาลหนองบัวลำภู","0","0","0.00"
"10991  :  โรงพยาบาลนากลาง","0","0","0.00"
"10992  :  โรงพยาบาลโนนสัง","0","0","0.00"
"10993  :  โรงพยาบาลศรีบุญเรือง","0","0","0.00"
"10994  :  โรงพยาบาลสุวรรณคูหา","0","0","0.00"
"23367  :  โรงพยาบาลนาวัง เฉลิมพระเกียรติ 80 พรรษา","1","0","0.00"
"10670  :  โรงพยาบาลขอนแก่น","0","0","0.00"
"10995  :  โรงพยาบาลบ้านฝาง","0","0","0.00"
"10996  :  โรงพยาบาลพระยืน","0","0","0.00"
"10997  :  โรงพยาบาลหนองเรือ","0","0","0.00"
"10998  :  โรงพยาบาลชุมแพ","0","0","0.00"
"10999  :  โรงพยาบาลสีชมพู","370","0","0.00"
"11000  :  โรงพยาบาลน้ำพอง","384","0","0.00"
"11001  :  โรงพยาบาลอุบลรัตน์","366","0","0.00"
"11002  :  โรงพยาบาลบ้านไผ่","0","0","0.00"
"11003  :  โรงพยาบาลเปือยน้อย","153","0","0.00"
"11004  :  โรงพยาบาลพล","0","0","0.00"
"11005  :  โรงพยาบาลแวงใหญ่","193","0","0.00"
"11006  :  โรงพยาบาลแวงน้อย","356","0","0.00"
"11007  :  โรงพยาบาลหนองสองห้อง","0","0","0.00"
"11008  :  โรงพยาบาลภูเวียง","0","0","0.00"
"11009  :  โรงพยาบาลมัญจาคีรี","440","0","0.00"
"11010  :  โรงพยาบาลชนบท","0","0","0.00"
"11011  :  โรงพยาบาลเขาสวนกวาง","0","0","0.00"
"11012  :  โรงพยาบาลภูผาม่าน","0","0","0.00"
"11445  :  โรงพยาบาลสมเด็จพระยุพราชกระนวน","940","0","0.00"
"11497  :  โรงพยาบาลค่ายศรีพัชรินทร","0","0","0.00"
"11936  :  โรงพยาบาลขอนแก่นราม","0","0","0.00"
"12272  :  โรงพยาบาลจิตเวชขอนแก่นราชนครินทร์","0","0","0.00"
"12273  :  โรงพยาบาลส่งเสริมสุขภาพ ศูนย์อนามัยที่ 7","0","0","0.00"
"12275  :  โรงพยาบาลสิรินธร(ภาคตะวันออกเฉียงเหนือ)","0","0","0.00"
"13777  :  โรงพยาบาลศรีนครินทร์ มหาวิทยาลัยขอนแก่น","0","0","0.00"
"14132  :  โรงพยาบาลซำสูง","0","0","0.00"
"14196  :  โรงพยาบาลธัญญรักษ์ขอนแก่น","0","0","0.00"
"24746  :  สถาบันสุขภาพจิตเด็กและวัยรุ่นภาคตะวันออกเฉียงเหนือ","0","0","0.00"
"77649  :  โรงพยาบาลหนองนาคำ","49","0","0.00"
"77650  :  โรงพยาบาลเวียงเก่า","42","1","2.38"
"77651  :  โรงพยาบาลโคกโพธิ์ไชย","93","0","0.00"
"77652  :  โรงพยาบาลโนนศิลา","25","0","0.00"
"10671  :  โรงพยาบาลอุดรธานี","0","0","0.00"
"11013  :  โรงพยาบาลกุดจับ","340","0","0.00"
"11014  :  โรงพยาบาลหนองวัวซอ","460","0","0.00"
"11015  :  โรงพยาบาลกุมภวาปี","781","0","0.00"
"11016  :  โรงพยาบาลห้วยเกิ้ง","0","0","0.00"
"11017  :  โรงพยาบาลโนนสะอาด","476","6","1.26"
"11018  :  โรงพยาบาลหนองหาน","868","0","0.00"
"11019  :  โรงพยาบาลทุ่งฝน","509","2","0.39"
"11020  :  โรงพยาบาลไชยวาน","752","0","0.00"
"11021  :  โรงพยาบาลศรีธาตุ","250","0","0.00"
"11022  :  โรงพยาบาลวังสามหมอ","667","0","0.00"
"11023  :  โรงพยาบาลบ้านผือ","697","0","0.00"
"11024  :  โรงพยาบาลน้ำโสม","885","0","0.00"
"11025  :  โรงพยาบาลเพ็ญ","805","0","0.00"
"11026  :  โรงพยาบาลสร้างคอม","444","0","0.00"
"11027  :  โรงพยาบาลหนองแสง","488","0","0.00"
"11028  :  โรงพยาบาลนายูง","273","0","0.00"
"11029  :  โรงพยาบาลพิบูลย์รักษ์","265","0","0.00"
"11446  :  โรงพยาบาลสมเด็จพระยุพราชบ้านดุง","1,099","0","0.00"
"11501  :  โรงพยาบาลค่ายประจักษ์ศิลปาคม","0","0","0.00"
"12276  :  โรงพยาบาลมะเร็งอุดรธานี","0","0","0.00"
"23951  :  โรงพยาบาลธัญญารักษ์อุดรธานี","0","0","0.00"
"25058  :  โรงพยาบาลกู่แก้ว","0","0","0.00"
"25059  :  โรงพยาบาลประจักษ์ศิลปาคม","0","0","0.00"
"10705  :  โรงพยาบาลเลย","867","0","0.00"
"11030  :  โรงพยาบาลนาด้วง","540","0","0.00"
"11031  :  โรงพยาบาลเชียงคาน","555","0","0.00"
"11032  :  โรงพยาบาลปากชม","266","0","0.00"
"11033  :  โรงพยาบาลนาแห้ว","105","1","0.95"
"11034  :  โรงพยาบาลภูเรือ","278","0","0.00"
"11035  :  โรงพยาบาลท่าลี่","150","0","0.00"
"11036  :  โรงพยาบาลวังสะพุง","616","0","0.00"
"11037  :  โรงพยาบาลภูกระดึง","622","0","0.00"
"11038  :  โรงพยาบาลภูหลวง","273","0","0.00"
"11039  :  โรงพยาบาลผาขาว","587","0","0.00"
"11447  :  โรงพยาบาลสมเด็จพระยุพราชด่านซ้าย","430","0","0.00"
"14133  :  โรงพยาบาลเอราวัณ","419","0","0.00"
"14644  :  โรงพยาบาลจิตเวชเลยราชนครินทร์","0","0","0.00"
"28861  :  โรงพยาบาลหนองหิน","49","0","0.00"
"10706  :  โรงพยาบาลหนองคาย","1,217","1","0.08"
"11042  :  โรงพยาบาลโพนพิสัย","360","0","0.00"
"11044  :  โรงพยาบาลศรีเชียงใหม่","521","0","0.00"
"11045  :  โรงพยาบาลสังคม","172","0","0.00"
"11448  :  โรงพยาบาลสมเด็จพระยุพราชท่าบ่อ","1,114","0","0.00"
"14558  :  โรงพยาบาลพิสัยเวช","704","0","0.00"
"21356  :  โรงพยาบาลสระใคร","121","0","0.00"
"28778  :  โรงพยาบาลโพธิ์ตาก","57","1","1.75"
"28811  :  โรงพยาบาลเฝ้าไร่","234","0","0.00"
"28815  :  โรงพยาบาลรัตนวาปี","35","0","0.00"
"10707  :  โรงพยาบาลมหาสารคาม","0","0","0.00"
"11051  :  โรงพยาบาลแกดำ","281","4","1.42"
"11052  :  โรงพยาบาลโกสุมพิสัย","862","0","0.00"
"11053  :  โรงพยาบาลกันทรวิชัย","418","0","0.00"
"11054  :  โรงพยาบาลเชียงยืน","760","0","0.00"
"11055  :  โรงพยาบาลบรบือ","946","1","0.11"
"11056  :  โรงพยาบาลนาเชือก","277","0","0.00"
"11057  :  โรงพยาบาลพยัคฆภูมิพิสัย","747","0","0.00"
"11058  :  โรงพยาบาลวาปีปทุม","722","0","0.00"
"11059  :  โรงพยาบาลนาดูน","268","0","0.00"
"11060  :  โรงพยาบาลยางสีสุราช","229","0","0.00"
"22953  :  โรงพยาบาลสุทธาเวช คณะแพทยศาสตร์ มหาวิทยาลัยมหาสารคาม","1,249","0","0.00"
"24704  :  โรงพยาบาลกุดรัง","186","1","0.54"
"28843  :  โรงพยาบาลชื่นชม","10","0","0.00"
"10708  :  โรงพยาบาลร้อยเอ็ด","0","0","0.00"
"11061  :  โรงพยาบาลเกษตรวิสัย","708","0","0.00"
"11062  :  โรงพยาบาลปทุมรัตต์","439","0","0.00"
"11063  :  โรงพยาบาลจตุรพักตรพิมาน","658","0","0.00"
"11064  :  โรงพยาบาลธวัชบุรี","395","0","0.00"
"11065  :  โรงพยาบาลพนมไพร","456","0","0.00"
"11066  :  โรงพยาบาลโพนทอง","729","0","0.00"
"11067  :  โรงพยาบาลโพธิ์ชัย","498","0","0.00"
"11068  :  โรงพยาบาลหนองพอก","510","0","0.00"
"11069  :  โรงพยาบาลเสลภูมิ","684","1","0.15"
"11070  :  โรงพยาบาลสุวรรณภูมิ","926","0","0.00"
"11071  :  โรงพยาบาลเมืองสรวง","200","0","0.00"
"11072  :  โรงพยาบาลโพนทราย","352","0","0.00"
"11073  :  โรงพยาบาลอาจสามารถ","607","0","0.00"
"11074  :  โรงพยาบาลเมยวดี","284","0","0.00"
"11075  :  โรงพยาบาลศรีสมเด็จ","214","0","0.00"
"11076  :  โรงพยาบาลจังหาร","253","0","0.00"
"11504  :  โรงพยาบาลค่ายสมเด็จพระพุทธยอดฟ้าจุฬาโลกมหาราช","137","5","3.65"
"11964  :  โรงพยาบาลทั่วไปขนาดใหญ่จุรีเวช","372","0","0.00"
"27988  :  โรงพยาบาลทุ่งเขาหลวง","76","0","0.00"
"27989  :  โรงพยาบาลเชียงขวัญ","106","0","0.00"
"27990  :  โรงพยาบาลหนองฮี","142","0","0.00"
"10709  :  โรงพยาบาลกาฬสินธุ์","423","0","0.00"
"11077  :  โรงพยาบาลนามน","556","0","0.00"
"11078  :  โรงพยาบาลกมลาไสย","713","0","0.00"
"11079  :  โรงพยาบาลร่องคำ","306","0","0.00"
"11080  :  โรงพยาบาลเขาวง","621","0","0.00"
"11081  :  โรงพยาบาลยางตลาด","872","0","0.00"
"11082  :  โรงพยาบาลห้วยเม็ก","539","0","0.00"
"11083  :  โรงพยาบาลสหัสขันธ์","254","0","0.00"
"11084  :  โรงพยาบาลคำม่วง","531","0","0.00"
"11085  :  โรงพยาบาลท่าคันโท","639","0","0.00"
"11086  :  โรงพยาบาลหนองกุงศรี","405","0","0.00"
"11087  :  โรงพยาบาลสมเด็จ","706","0","0.00"
"11088  :  โรงพยาบาลห้วยผึ้ง","577","0","0.00"
"11449  :  โรงพยาบาลสมเด็จพระยุพราชกุฉินารายณ์","1,005","0","0.00"
"11965  :  โรงพยาบาลธีรวัฒน์","0","0","0.00"
"28017  :  โรงพยาบาลนาคู","214","0","0.00"
"28789  :  โรงพยาบาลฆ้องชัย","171","0","0.00"
"28790  :  โรงพยาบาลดอนจาน","217","0","0.00"
"28791  :  โรงพยาบาลสามชัย","86","0","0.00"
"10710  :  โรงพยาบาลสกลนคร","0","0","0.00"
"11089  :  โรงพยาบาลกุสุมาลย์","736","0","0.00"
"11090  :  โรงพยาบาลกุดบาก","288","0","0.00"
"11091  :  โรงพยาบาลพระอาจารย์ฝั้นอาจาโร","393","0","0.00"
"11092  :  โรงพยาบาลพังโคน","779","0","0.00"
"11093  :  โรงพยาบาลวาริชภูมิ","419","0","0.00"
"11094  :  โรงพยาบาลนิคมน้ำอูน","198","0","0.00"
"11095  :  โรงพยาบาลวานรนิวาส","879","0","0.00"
"11096  :  โรงพยาบาลคำตากล้า","1,007","0","0.00"
"11097  :  โรงพยาบาลบ้านม่วง","510","0","0.00"
"11098  :  โรงพยาบาลอากาศอำนวย","741","0","0.00"
"11099  :  โรงพยาบาลส่องดาว","434","0","0.00"
"11100  :  โรงพยาบาลเต่างอย","123","2","1.63"
"11101  :  โรงพยาบาลโคกศรีสุพรรณ","399","0","0.00"
"11102  :  โรงพยาบาลเจริญศิลป์","714","0","0.00"
"11103  :  โรงพยาบาลโพนนาแก้ว","238","0","0.00"
"11450  :  โรงพยาบาลสมเด็จพระยุพราชสว่างแดนดิน","1,745","0","0.00"
"11505  :  โรงพยาบาลค่ายกฤษณ์สีวะรา","312","0","0.00"
"21323  :  โรงพยาบาลพระอาจารย์แบน  ธนากโร","183","0","0.00"
"24976  :  โรงพยาบาลการแพทย์แผนไทยสกลนคร หลวงปู่แฟ๊ป สุภัทโท","0","0","0.00"
"10711  :  โรงพยาบาลนครพนม","197","0","0.00"
"11104  :  โรงพยาบาลปลาปาก","607","0","0.00"
"11105  :  โรงพยาบาลท่าอุเทน","216","0","0.00"
"11106  :  โรงพยาบาลบ้านแพง","560","0","0.00"
"11107  :  โรงพยาบาลนาทม","188","0","0.00"
"11108  :  โรงพยาบาลเรณูนคร","416","0","0.00"
"11109  :  โรงพยาบาลนาแก","421","0","0.00"
"11110  :  โรงพยาบาลศรีสงคราม","561","0","0.00"
"11111  :  โรงพยาบาลนาหว้า","658","0","0.00"
"11112  :  โรงพยาบาลโพนสวรรค์","550","0","0.00"
"11451  :  โรงพยาบาลสมเด็จพระยุพราชธาตุพนม","103","0","0.00"
"12277  :  โรงพยาบาลจิตเวชนครพนมราชนครินทร์","0","0","0.00"
"40840  :  โรงพยาบาลวังยาง","216","0","0.00"
"10712  :  โรงพยาบาลมุกดาหาร","1,384","0","0.00"
"11113  :  โรงพยาบาลนิคมคำสร้อย","327","0","0.00"
"11114  :  โรงพยาบาลดอนตาล","371","0","0.00"
"11115  :  โรงพยาบาลดงหลวง","535","0","0.00"
"11116  :  โรงพยาบาลคำชะอี","287","1","0.35"
"11117  :  โรงพยาบาลหว้านใหญ่","99","0","0.00"
"11118  :  โรงพยาบาลหนองสูง","102","0","0.00"
"06009  :  โรงพยาบาลแม่ตื่น","409","0","0.00"
"10713  :  โรงพยาบาลนครพิงค์","34","0","0.00"
"11119  :  โรงพยาบาลจอมทอง","574","0","0.00"
"11120  :  โรงพยาบาลเทพรัตนเวชชานุกูล เฉลิมพระเกียรติ ๖๐ พรรษา","390","0","0.00"
"11121  :  โรงพยาบาลเชียงดาว","518","0","0.00"
"11122  :  โรงพยาบาลดอยสะเก็ด","0","0","0.00"
"11123  :  โรงพยาบาลแม่แตง","0","0","0.00"
"11124  :  โรงพยาบาลสะเมิง","262","0","0.00"
"11125  :  โรงพยาบาลฝาง","200","0","0.00"
"11126  :  โรงพยาบาลแม่อาย","137","0","0.00"
"11127  :  โรงพยาบาลพร้าว","0","0","0.00"
"11128  :  โรงพยาบาลสันป่าตอง","262","0","0.00"
"11129  :  โรงพยาบาลสันกำแพง","0","0","0.00"
"11130  :  โรงพยาบาลสันทราย","0","0","0.00"
"11131  :  โรงพยาบาลหางดง","0","0","0.00"
"11132  :  โรงพยาบาลฮอด","537","1","0.19"
"11133  :  โรงพยาบาลดอยเต่า","154","0","0.00"
"11134  :  โรงพยาบาลอมก๋อย","861","0","0.00"
"11135  :  โรงพยาบาลสารภี","0","0","0.00"
"11136  :  โรงพยาบาลเวียงแหง","1","0","0.00"
"11137  :  โรงพยาบาลไชยปราการ","137","0","0.00"
"11138  :  โรงพยาบาลแม่วาง","177","0","0.00"
"11139  :  โรงพยาบาลแม่ออน","0","0","0.00"
"11507  :  โรงพยาบาลกองบิน 41","20","0","0.00"
"11508  :  โรงพยาบาลค่ายกาวิละ เชียงใหม่","0","0","0.00"
"11643  :  โรงพยาบาลดอยหล่อ","0","0","0.00"
"11978  :  โรงพยาบาลดารารัศมี","0","0","0.00"
"11992  :  โรงพยาบาลเทพปัญญา 2 โรงพยาบาลทั่วไปขนาดกลาง","0","0","0.00"
"11995  :  โรงพยาบาลทั่วไปขนาดใหญ่เซ็นทรัลเชียงใหม่ เมโมเรียล","138","0","0.00"
"11999  :  โรงพยาบาลทั่วไปขนาดใหญ่เชียงใหม่เมดิคอลเซ็นเตอร์","245","0","0.00"
"12279  :  โรงพยาบาลส่งเสริมสุขภาพ ศูนย์อนามัยที่ 1","0","0","0.00"
"12280  :  โรงพยาบาลสวนปรุง","0","0","0.00"
"12281  :  โรงพยาบาลประสาทเชียงใหม่","0","0","0.00"
"13775  :  สถาบันพัฒนาการเด็กราชนครินทร์","0","0","0.00"
"13780  :  โรงพยาบาลมหาราชนครเชียงใหม่  มหาวิทยาลัยเชียงใหม่","0","0","0.00"
"13785  :  โรงพยาบาลธัญญารักษ์เชียงใหม่","0","0","0.00"
"14550  :  โรงพยาบาลทั่วไปขนาดใหญ่ เชียงใหม่ใกล้หมอ","1,080","0","0.00"
"14916  :  โรงพยาบาลทั่วไปขนาดกลางเชียงใหม่ฮอสพิทอล","1,163","0","0.00"
"23736  :  โรงพยาบาลวัดจันทร์ เฉลิมพระเกียรติ 80 พรรษา","142","0","0.00"
"10714  :  โรงพยาบาลลำพูน","0","0","0.00"
"11140  :  โรงพยาบาลแม่ทา","357","0","0.00"
"11141  :  โรงพยาบาลบ้านโฮ่ง","263","0","0.00"
"11142  :  โรงพยาบาลลี้","0","0","0.00"
"11143  :  โรงพยาบาลทุ่งหัวช้าง","238","0","0.00"
"11144  :  โรงพยาบาลป่าซาง","365","0","0.00"
"11145  :  โรงพยาบาลบ้านธิ","404","0","0.00"
"12000  :  โรงพยาบาลหริภุญชัยเมโมเรียล","0","0","0.00"
"14555  :  โรงพยาบาลทั่วไปขนาดกลางศิริเวช ลำพูน","465","0","0.00"
"24956  :  โรงพยาบาลเวียงหนองล่อง","60","0","0.00"
"10672  :  โรงพยาบาลลำปาง","0","0","0.00"
"11146  :  โรงพยาบาลแม่เมาะ","547","49","8.96"
"11147  :  โรงพยาบาลเกาะคา","57","0","0.00"
"11148  :  โรงพยาบาลเสริมงาม","292","3","1.03"
"11149  :  โรงพยาบาลงาว","153","0","0.00"
"11150  :  โรงพยาบาลแจ้ห่ม","228","18","7.89"
"11151  :  โรงพยาบาลวังเหนือ","217","0","0.00"
"11152  :  โรงพยาบาลเถิน","294","0","0.00"
"11153  :  โรงพยาบาลแม่พริก","292","0","0.00"
"11154  :  โรงพยาบาลแม่ทะ","213","4","1.88"
"11155  :  โรงพยาบาลสบปราบ","409","0","0.00"
"11156  :  โรงพยาบาลห้างฉัตร","375","1","0.27"
"11157  :  โรงพยาบาลเมืองปาน","188","1","0.53"
"11512  :  โรงพยาบาลค่ายสุรศักดิ์มนตรี","0","0","0.00"
"12283  :  โรงพยาบาลมะเร็งลำปาง","0","0","0.00"
"10673  :  โรงพยาบาลอุตรดิตถ์","2,407","0","0.00"
"11158  :  โรงพยาบาลตรอน","322","0","0.00"
"11159  :  โรงพยาบาลท่าปลา","352","0","0.00"
"11160  :  โรงพยาบาลน้ำปาด","245","0","0.00"
"11161  :  โรงพยาบาลฟากท่า","226","0","0.00"
"11162  :  โรงพยาบาลบ้านโคก","221","0","0.00"
"11163  :  โรงพยาบาลพิชัย","299","3","1.00"
"11164  :  โรงพยาบาลลับแล","290","0","0.00"
"11165  :  โรงพยาบาลทองแสนขัน","303","0","0.00"
"11509  :  โรงพยาบาลค่ายพิชัยดาบหัก","25","0","0.00"
"10715  :  โรงพยาบาลแพร่","0","0","0.00"
"11166  :  โรงพยาบาลร้องกวาง","215","0","0.00"
"11167  :  โรงพยาบาลลอง","397","0","0.00"
"11169  :  โรงพยาบาลสูงเม่น","0","0","0.00"
"11170  :  โรงพยาบาลสอง","408","0","0.00"
"11171  :  โรงพยาบาลวังชิ้น","168","0","0.00"
"11172  :  โรงพยาบาลหนองม่วงไข่","103","0","0.00"
"11452  :  โรงพยาบาลสมเด็จพระยุพราชเด่นชัย","447","0","0.00"
"10716  :  โรงพยาบาลน่าน","1,095","1","0.09"
"11173  :  โรงพยาบาลแม่จริม","143","0","0.00"
"11174  :  โรงพยาบาลบ้านหลวง","92","0","0.00"
"11175  :  โรงพยาบาลนาน้อย","196","0","0.00"
"11176  :  โรงพยาบาลท่าวังผา","200","0","0.00"
"11177  :  โรงพยาบาลเวียงสา","719","2","0.28"
"11178  :  โรงพยาบาลทุ่งช้าง","174","0","0.00"
"11179  :  โรงพยาบาลเชียงกลาง","140","0","0.00"
"11180  :  โรงพยาบาลนาหมื่น","153","0","0.00"
"11181  :  โรงพยาบาลสันติสุข","205","0","0.00"
"11182  :  โรงพยาบาลบ่อเกลือ","146","0","0.00"
"11183  :  โรงพยาบาลสองแคว","111","7","6.31"
"11453  :  โรงพยาบาลสมเด็จพระยุพราชปัว","259","3","1.16"
"11510  :  โรงพยาบาลค่ายสุริยพงษ์","9","0","0.00"
"11625  :  โรงพยาบาลเฉลิมพระเกียรติ","56","0","0.00"
"25017  :  โรงพยาบาลภูเพียง","54","0","0.00"
"10717  :  โรงพยาบาลพะเยา","0","0","0.00"
"10718  :  โรงพยาบาลเชียงคำ","0","0","0.00"
"11184  :  โรงพยาบาลจุน","273","0","0.00"
"11185  :  โรงพยาบาลเชียงม่วน","0","0","0.00"
"11186  :  โรงพยาบาลดอกคำใต้","186","0","0.00"
"11187  :  โรงพยาบาลปง","168","0","0.00"
"11188  :  โรงพยาบาลแม่ใจ","0","0","0.00"
"15140  :  โรงพยาบาลค่ายขุนเจืองธรรมิกราช","1","0","0.00"
"40744  :  โรงพยาบาลภูซาง","0","0","0.00"
"40745  :  โรงพยาบาลภูกามยาว","0","0","0.00"
"41347  :  โรงพยาบาลมหาวิทยาลัยพะเยา","348","0","0.00"
"10674  :  โรงพยาบาลเชียงรายประชานุเคราะห์","1,240","0","0.00"
"11189  :  โรงพยาบาลเทิง","425","0","0.00"
"11190  :  โรงพยาบาลพาน","0","0","0.00"
"11191  :  โรงพยาบาลป่าแดด","99","0","0.00"
"11192  :  โรงพยาบาลแม่จัน","0","0","0.00"
"11193  :  โรงพยาบาลเชียงแสน","214","0","0.00"
"11194  :  โรงพยาบาลแม่สาย","2,235","0","0.00"
"11195  :  โรงพยาบาลแม่สรวย","228","0","0.00"
"11196  :  โรงพยาบาลเวียงป่าเป้า","530","0","0.00"
"11197  :  โรงพยาบาลพญาเม็งราย","181","0","0.00"
"11198  :  โรงพยาบาลเวียงแก่น","451","0","0.00"
"11199  :  โรงพยาบาลขุนตาล","199","0","0.00"
"11200  :  โรงพยาบาลแม่ฟ้าหลวง","421","0","0.00"
"11201  :  โรงพยาบาลแม่ลาว","91","0","0.00"
"11202  :  โรงพยาบาลเวียงเชียงรุ้ง","208","0","0.00"
"11454  :  โรงพยาบาลสมเด็จพระยุพราชเชียงของ","794","0","0.00"
"15012  :  โรงพยาบาลสมเด็จพระญาณสังวร","113","0","0.00"
"23429  :  โรงพยาบาลมหาวิทยาลัยแม่ฟ้าหลวง","0","0","0.00"
"28823  :  โรงพยาบาลดอยหลวง","34","0","0.00"
"41509  :  โรงพยาบาลศูนย์การแพทย์มหาวิทยาลัยแม่ฟ้าหลวง","0","0","0.00"
"10719  :  โรงพยาบาลศรีสังวาลย์","214","0","0.00"
"11203  :  โรงพยาบาลขุนยวม","308","0","0.00"
"11204  :  โรงพยาบาลปาย","314","0","0.00"
"11205  :  โรงพยาบาลแม่สะเรียง","622","0","0.00"
"11206  :  โรงพยาบาลแม่ลาน้อย","328","0","0.00"
"11207  :  โรงพยาบาลสบเมย","190","0","0.00"
"11208  :  โรงพยาบาลปางมะผ้า","302","0","0.00"
"14197  :  โรงพยาบาลธัญญรักษ์แม่ฮ่องสอน","0","0","0.00"
"10675  :  โรงพยาบาลสวรรค์ประชารักษ์","0","0","0.00"
"11209  :  โรงพยาบาลโกรกพระ","290","0","0.00"
"11210  :  โรงพยาบาลชุมแสง","254","0","0.00"
"11211  :  โรงพยาบาลหนองบัว","527","0","0.00"
"11212  :  โรงพยาบาลบรรพตพิสัย","186","0","0.00"
"11213  :  โรงพยาบาลเก้าเลี้ยว","228","0","0.00"
"11214  :  โรงพยาบาลตาคลี","475","0","0.00"
"11215  :  โรงพยาบาลท่าตะโก","356","1","0.28"
"11216  :  โรงพยาบาลไพศาลี","506","0","0.00"
"11217  :  โรงพยาบาลพยุหะคีรี","320","0","0.00"
"11218  :  โรงพยาบาลลาดยาว","311","0","0.00"
"11219  :  โรงพยาบาลตากฟ้า","587","0","0.00"
"11220  :  โรงพยาบาลแม่วงก์","208","0","0.00"
"11513  :  โรงพยาบาลค่ายจิรประวัติ","311","0","0.00"
"12030  :  โรงพยาบาลพริ้นซ์ ปากน้ำโพ 1 โรงพยาบาลทั่วไปขนาดใหญ่","0","0","0.00"
"12033  :  โรงพยาบาลรวมแพทย์นครสวรรค์","0","0","0.00"
"12034  :  โรงพยาบาลพริ้นซ์ ปากน้ำโพ 2 โรงพยาบาลทั่วไปขนาดใหญ่","0","0","0.00"
"12042  :  โรงพยาบาลร่มฉัตร","74","0","0.00"
"12044  :  โรงพยาบาลศรีสวรรค์","0","0","0.00"
"12284  :  โรงพยาบาลส่งเสริมสุขภาพ ศูนย์อนามัยที่ 3","0","0","0.00"
"14171  :  โรงพยาบาลจิตเวชนครสวรรค์ราชนครินทร์","0","0","0.00"
"40749  :  โรงพยาบาลชุมตาบง","177","0","0.00"
"10720  :  โรงพยาบาลอุทัยธานี","64","0","0.00"
"11221  :  โรงพยาบาลทัพทัน","229","0","0.00"
"11222  :  โรงพยาบาลสว่างอารมณ์","286","1","0.35"
"11223  :  โรงพยาบาลหนองฉาง","223","0","0.00"
"11224  :  โรงพยาบาลหนองขาหย่าง","108","0","0.00"
"11225  :  โรงพยาบาลบ้านไร่","544","0","0.00"
"11226  :  โรงพยาบาลลานสัก","555","0","0.00"
"11227  :  โรงพยาบาลห้วยคต","324","0","0.00"
"10721  :  โรงพยาบาลกำแพงเพชร","0","0","0.00"
"11228  :  โรงพยาบาลทุ่งโพธิ์ทะเล","663","2","0.30"
"11229  :  โรงพยาบาลไทรงาม","370","0","0.00"
"11230  :  โรงพยาบาลคลองลาน","810","1","0.12"
"11231  :  โรงพยาบาลขาณุวรลักษบุรี","335","0","0.00"
"11232  :  โรงพยาบาลคลองขลุง","316","0","0.00"
"11233  :  โรงพยาบาลพรานกระต่าย","646","0","0.00"
"11234  :  โรงพยาบาลลานกระบือ","503","0","0.00"
"11235  :  โรงพยาบาลทรายทองวัฒนา","281","0","0.00"
"11236  :  โรงพยาบาลปางศิลาทอง","145","0","0.00"
"14135  :  โรงพยาบาลบึงสามัคคี","319","1","0.31"
"28010  :  โรงพยาบาลโกสัมพีนคร","176","0","0.00"
"10722  :  โรงพยาบาลสมเด็จพระเจ้าตากสินมหาราช","808","6","0.74"
"10723  :  โรงพยาบาลแม่สอด","725","0","0.00"
"11238  :  โรงพยาบาลบ้านตาก","329","0","0.00"
"11239  :  โรงพยาบาลสามเงา","205","0","0.00"
"11240  :  โรงพยาบาลแม่ระมาด","596","0","0.00"
"11241  :  โรงพยาบาลท่าสองยาง","729","0","0.00"
"11242  :  โรงพยาบาลพบพระ","1,156","0","0.00"
"11243  :  โรงพยาบาลอุ้มผาง","254","0","0.00"
"27443  :  โรงพยาบาลวังเจ้า","62","0","0.00"
"10724  :  โรงพยาบาลสุโขทัย","193","0","0.00"
"10725  :  โรงพยาบาลศรีสังวรสุโขทัย","141","0","0.00"
"11244  :  โรงพยาบาลบ้านด่านลานหอย","372","12","3.23"
"11245  :  โรงพยาบาลคีรีมาศ","285","0","0.00"
"11246  :  โรงพยาบาลกงไกรลาศ","418","1","0.24"
"11247  :  โรงพยาบาลศรีสัชนาลัย","312","5","1.60"
"11248  :  โรงพยาบาลสวรรคโลก","0","0","0.00"
"11249  :  โรงพยาบาลศรีนคร","244","0","0.00"
"11250  :  โรงพยาบาลทุ่งเสลี่ยม","551","0","0.00"
"10676  :  โรงพยาบาลพุทธชินราช","0","0","0.00"
"11251  :  โรงพยาบาลชาติตระการ","299","0","0.00"
"11252  :  โรงพยาบาลบางระกำ","976","0","0.00"
"11253  :  โรงพยาบาลบางกระทุ่ม","286","14","4.90"
"11254  :  โรงพยาบาลพรหมพิราม","652","0","0.00"
"11255  :  โรงพยาบาลวัดโบสถ์","390","7","1.79"
"11256  :  โรงพยาบาลวังทอง","0","0","0.00"
"11257  :  โรงพยาบาลเนินมะปราง","0","0","0.00"
"11455  :  โรงพยาบาลสมเด็จพระยุพราชนครไทย","352","0","0.00"
"11517  :  โรงพยาบาลค่ายสมเด็จพระนเรศวร","158","0","0.00"
"14972  :  โรงพยาบาลมหาวิทยาลัยนเรศวร","0","0","0.00"
"41429  :  โรงพยาบาลจิตเวชพิษณุโลก","0","0","0.00"
"10726  :  โรงพยาบาลพิจิตร","1","0","0.00"
"11258  :  โรงพยาบาลวังทรายพูน","164","0","0.00"
"11259  :  โรงพยาบาลโพธิ์ประทับช้าง","265","0","0.00"
"11260  :  โรงพยาบาลบางมูลนาก","252","0","0.00"
"11261  :  โรงพยาบาลโพทะเล","273","0","0.00"
"11262  :  โรงพยาบาลสามง่าม","262","0","0.00"
"11263  :  โรงพยาบาลทับคล้อ","388","0","0.00"
"11456  :  โรงพยาบาลสมเด็จพระยุพราชตะพานหิน","505","1","0.20"
"11631  :  โรงพยาบาลวชิรบารมี","321","1","0.31"
"27978  :  โรงพยาบาลสากเหล็ก","226","0","0.00"
"27979  :  โรงพยาบาลบึงนาราง","21","0","0.00"
"27980  :  โรงพยาบาลดงเจริญ","29","0","0.00"
"10727  :  โรงพยาบาลเพชรบูรณ์","1,186","0","0.00"
"11264  :  โรงพยาบาลชนแดน","509","0","0.00"
"11265  :  โรงพยาบาลหล่มสัก","604","0","0.00"
"11266  :  โรงพยาบาลวิเชียรบุรี","302","0","0.00"
"11267  :  โรงพยาบาลศรีเทพ","434","0","0.00"
"11268  :  โรงพยาบาลหนองไผ่","778","0","0.00"
"11269  :  โรงพยาบาลบึงสามพัน","606","0","0.00"
"11270  :  โรงพยาบาลน้ำหนาว","279","0","0.00"
"11271  :  โรงพยาบาลวังโป่ง","562","0","0.00"
"11272  :  โรงพยาบาลเขาค้อ","177","0","0.00"
"11457  :  โรงพยาบาลสมเด็จพระยุพราชหล่มเก่า","546","0","0.00"
"11946  :  โรงพยาบาลค่ายพ่อขุนผาเมือง","191","0","0.00"
"10677  :  โรงพยาบาลราชบุรี","0","0","0.00"
"10728  :  โรงพยาบาลดำเนินสะดวก","0","0","0.00"
"10729  :  โรงพยาบาลบ้านโป่ง","505","0","0.00"
"10730  :  โรงพยาบาลโพธาราม","0","0","0.00"
"11273  :  โรงพยาบาลสวนผึ้ง","415","0","0.00"
"11274  :  โรงพยาบาลบางแพ","429","0","0.00"
"11275  :  โรงพยาบาลเจ็ดเสมียน","240","0","0.00"
"11276  :  โรงพยาบาลปากท่อ","543","0","0.00"
"11277  :  โรงพยาบาลวัดเพลง","165","0","0.00"
"11458  :  โรงพยาบาลสมเด็จพระยุพราชจอมบึง","665","0","0.00"
"11519  :  โรงพยาบาลค่ายภาณุรังษี","177","0","0.00"
"12093  :  สถานพยาบาลแพทย์ประดิษฐ์","0","0","0.00"
"12097  :  มหาชัยพร้อมแพทย์โรงพยาบาลทั่วไปขนาดกลาง","0","0","0.00"
"12098  :  โรงพยาบาลกรุงเทพเมืองราชโรงพยาบาลทั่วไปขนาดใหญ่","0","0","0.00"
"12103  :  โรงพยาบาลซานคามิลโล","0","0","0.00"
"12286  :  โรงพยาบาลส่งเสริมสุขภาพ ศูนย์อนามัยที่ 5","0","0","0.00"
"28858  :  โรงพยาบาลบ้านคา","41","0","0.00"
"10731  :  โรงพยาบาลพหลพลพยุหเสนา","588","0","0.00"
"10732  :  โรงพยาบาลมะการักษ์","785","0","0.00"
"11278  :  โรงพยาบาลไทรโยค","300","0","0.00"
"11279  :  โรงพยาบาลสมเด็จพระปิยมหาราชรมณียเขต","556","0","0.00"
"11280  :  โรงพยาบาลบ่อพลอย","673","0","0.00"
"11281  :  โรงพยาบาลท่ากระดาน","188","0","0.00"
"11282  :  โรงพยาบาลสมเด็จพระสังฆราชองค์ที่ ๑๙","576","1","0.17"
"11283  :  โรงพยาบาลทองผาภูมิ","630","0","0.00"
"11284  :  โรงพยาบาลสังขละบุรี","1,869","0","0.00"
"11285  :  โรงพยาบาลเจ้าคุณไพบูลย์พนมทวน","443","1","0.23"
"11286  :  โรงพยาบาลเลาขวัญ","258","0","0.00"
"11287  :  โรงพยาบาลด่านมะขามเตี้ย","454","11","2.42"
"11288  :  โรงพยาบาลสถานพระบารมี","238","0","0.00"
"11520  :  โรงพยาบาลค่ายสุรสีห์","303","1","0.33"
"14136  :  โรงพยาบาลศุกร์ศิริศรีสวัสดิ์","167","0","0.00"
"21948  :  โรงพยาบาลห้วยกระเจา เฉลิมพระเกียรติ 80 พรรษา","343","0","0.00"
"41701  :  โรงพยาบาลหนองปรือ","254","0","0.00"
"10678  :  โรงพยาบาลเจ้าพระยายมราช","1,193","0","0.00"
"10733  :  โรงพยาบาลสมเด็จพระสังฆราชองค์ที่17","652","0","0.00"
"11289  :  โรงพยาบาลเดิมบางนางบวช","260","0","0.00"
"11290  :  โรงพยาบาลด่านช้าง","439","0","0.00"
"11291  :  โรงพยาบาลบางปลาม้า","269","0","0.00"
"11292  :  โรงพยาบาลศรีประจันต์","335","0","0.00"
"11293  :  โรงพยาบาลดอนเจดีย์","501","1","0.20"
"11294  :  โรงพยาบาลสามชุก","546","0","0.00"
"11295  :  โรงพยาบาลอู่ทอง","880","0","0.00"
"11296  :  โรงพยาบาลหนองหญ้าไซ","534","0","0.00"
"12123  :  โรงพยาบาลวิภาวดี-ปิยราษฎร์","0","0","0.00"
"10679  :  โรงพยาบาลนครปฐม","0","0","0.00"
"11297  :  โรงพยาบาลกำแพงแสน","477","0","0.00"
"11298  :  โรงพยาบาลนครชัยศรี","397","0","0.00"
"11299  :  โรงพยาบาลห้วยพลู","265","0","0.00"
"11300  :  โรงพยาบาลดอนตูม","383","0","0.00"
"11301  :  โรงพยาบาลบางเลน","621","0","0.00"
"11302  :  โรงพยาบาลสามพราน","864","0","0.00"
"11303  :  โรงพยาบาลพุทธมณฑล","165","0","0.00"
"11473  :  โรงพยาบาลเมตตาประชารักษ์(วัดไร่ขิง)","0","0","0.00"
"11521  :  โรงพยาบาลจันทรุเบกษา","0","0","0.00"
"13819  :  โรงพยาบาลหลวงพ่อเปิ่น","98","0","0.00"
"10734  :  โรงพยาบาลสมุทรสาคร","2,267","0","0.00"
"11304  :  โรงพยาบาลกระทุ่มแบน","0","0","0.00"
"11305  :  โรงพยาบาลบ้านแพ้ว","813","0","0.00"
"12137  :  โรงพยาบาลทั่วไปขนาดเล็กเจษฎา","102","0","0.00"
"10735  :  โรงพยาบาลสมเด็จพระพุทธเลิศหล้า","0","0","0.00"
"11306  :  โรงพยาบาลนภาลัย","0","0","0.00"
"11307  :  โรงพยาบาลอัมพวา","94","0","0.00"
"10736  :  โรงพยาบาลพระจอมเกล้า","1,069","0","0.00"
"11308  :  โรงพยาบาลเขาย้อย","268","0","0.00"
"11309  :  โรงพยาบาลหนองหญ้าปล้อง","94","0","0.00"
"11310  :  โรงพยาบาลชะอำ","1,275","0","0.00"
"11311  :  โรงพยาบาลท่ายาง","476","0","0.00"
"11312  :  โรงพยาบาลบ้านลาด","44","0","0.00"
"11313  :  โรงพยาบาลบ้านแหลม","784","0","0.00"
"11314  :  โรงพยาบาลแก่งกระจาน","58","0","0.00"
"10737  :  โรงพยาบาลประจวบคีรีขันธ์","0","0","0.00"
"11315  :  โรงพยาบาลกุยบุรี","331","0","0.00"
"11316  :  โรงพยาบาลทับสะแก","228","0","0.00"
"11317  :  โรงพยาบาลบางสะพาน","414","0","0.00"
"11318  :  โรงพยาบาลบางสะพานน้อย","0","0","0.00"
"11319  :  โรงพยาบาลปราณบุรี","0","0","0.00"
"11320  :  โรงพยาบาลหัวหิน","0","0","0.00"
"11321  :  โรงพยาบาลสามร้อยยอด","419","0","0.00"
"11500  :  โรงพยาบาลกองบิน 5","0","0","0.00"
"11522  :  โรงพยาบาลค่ายธนะรัชต์","0","0","0.00"
"12471  :  สถานีกาชาดหัวหินเฉลิมพระเกียรติ","503","0","0.00"
"10680  :  โรงพยาบาลมหาราชนครศรีธรรมราช","0","0","0.00"
"11322  :  โรงพยาบาลพรหมคีรี","333","0","0.00"
"11324  :  โรงพยาบาลลานสะกา","336","0","0.00"
"11325  :  โรงพยาบาลสมเด็จพระยุพราชฉวาง","340","1","0.29"
"11326  :  โรงพยาบาลพิปูน","283","0","0.00"
"11327  :  โรงพยาบาลเชียรใหญ่","198","0","0.00"
"11328  :  โรงพยาบาลชะอวด","482","0","0.00"
"11329  :  โรงพยาบาลท่าศาลา","1,808","1","0.06"
"11330  :  โรงพยาบาลทุ่งสง","331","0","0.00"
"11331  :  โรงพยาบาลนาบอน","218","0","0.00"
"11332  :  โรงพยาบาลทุ่งใหญ่","921","0","0.00"
"11333  :  โรงพยาบาลปากพนัง","111","0","0.00"
"11334  :  โรงพยาบาลร่อนพิบูลย์","0","0","0.00"
"11335  :  โรงพยาบาลสิชล","962","0","0.00"
"11336  :  โรงพยาบาลขนอม","711","0","0.00"
"11337  :  โรงพยาบาลหัวไทร","252","0","0.00"
"11338  :  โรงพยาบาลบางขัน","537","0","0.00"
"11339  :  โรงพยาบาลถ้ำพรรณรา","196","0","0.00"
"11523  :  โรงพยาบาลค่ายวชิราวุธ","629","0","0.00"
"11660  :  โรงพยาบาลจุฬาภรณ์","279","0","0.00"
"12287  :  โรงพยาบาลส่งเสริมสุขภาพ ศูนย์อนามัยที่ 11","0","0","0.00"
"12472  :  สถานีกาชาดสิริธร (สถานีกาชาดที่ 12 ทุ่งสง)","693","0","0.00"
"14918  :  โรงพยาบาลค่ายเทพสตรีศรีสุนทร","201","0","0.00"
"21771  :  โรงพยาบาลเทศบาลนครนครศรีธรรมราช","1,784","0","0.00"
"40491  :  โรงพยาบาลเฉลิมพระเกียรติ","321","0","0.00"
"40492  :  โรงพยาบาลพ่อท่านคล้ายวาจาสิทธิ์","311","1","0.32"
"40742  :  โรงพยาบาลนบพิตำ","121","0","0.00"
"40743  :  โรงพยาบาลพระพรหม","331","0","0.00"
"40970  :  โรงพยาบาลศูนย์การแพทย์มหาวิทยาลัยวลัยลักษณ์","0","0","0.00"
"10738  :  โรงพยาบาลกระบี่","0","0","0.00"
"11340  :  โรงพยาบาลเขาพนม","0","0","0.00"
"11341  :  โรงพยาบาลเกาะลันตา","0","0","0.00"
"11342  :  โรงพยาบาลคลองท่อม","0","0","0.00"
"11343  :  โรงพยาบาลอ่าวลึก","0","0","0.00"
"11344  :  โรงพยาบาลปลายพระยา","0","0","0.00"
"11345  :  โรงพยาบาลลำทับ","0","0","0.00"
"11346  :  โรงพยาบาลเหนือคลอง","0","0","0.00"
"77753  :  โรงพยาบาลเกาะพีพี","8","0","0.00"
"10739  :  โรงพยาบาลพังงา","0","0","0.00"
"10740  :  โรงพยาบาลตะกั่วป่า","0","0","0.00"
"11347  :  โรงพยาบาลเกาะยาวชัยพัฒน์","284","0","0.00"
"11348  :  โรงพยาบาลกะปงชัยพัฒน์","240","0","0.00"
"11349  :  โรงพยาบาลตะกั่วทุ่ง","381","0","0.00"
"11350  :  โรงพยาบาลบางไทร","147","0","0.00"
"11352  :  โรงพยาบาลคุระบุรีชัยพัฒน์","408","0","0.00"
"11353  :  โรงพยาบาลทับปุด","245","0","0.00"
"11354  :  โรงพยาบาลท้ายเหมืองชัยพัฒน์","632","0","0.00"
"10741  :  โรงพยาบาลวชิระภูเก็ต","2,900","0","0.00"
"11355  :  โรงพยาบาลป่าตอง","824","0","0.00"
"11356  :  โรงพยาบาลถลาง","0","0","0.00"
"24678  :  โรงพยาบาลองค์การบริหารส่วนจังหวัดภูเก็ต","1,031","0","0.00"
"41436  :  โรงพยาบาลฉลอง","0","0","0.00"
"09192  :  โรงพยาบาลเกาะเต่า","134","1","0.75"
"10681  :  โรงพยาบาลสุราษฎร์ธานี","0","0","0.00"
"10742  :  โรงพยาบาลเกาะสมุย","99","0","0.00"
"11357  :  โรงพยาบาลกาญจนดิษฐ์","0","0","0.00"
"11358  :  โรงพยาบาลดอนสัก","789","0","0.00"
"11359  :  โรงพยาบาลเกาะพงัน","163","0","0.00"
"11360  :  โรงพยาบาลไชยา","177","0","0.00"
"11361  :  โรงพยาบาลท่าชนะ","449","0","0.00"
"11362  :  โรงพยาบาลคีรีรัฐนิคม","0","0","0.00"
"11363  :  โรงพยาบาลบ้านตาขุน","175","0","0.00"
"11364  :  โรงพยาบาลพนม","147","0","0.00"
"11365  :  โรงพยาบาลท่าฉาง","255","0","0.00"
"11366  :  โรงพยาบาลบ้านนาสาร","0","0","0.00"
"11367  :  โรงพยาบาลบ้านนาเดิม","254","0","0.00"
"11368  :  โรงพยาบาลเคียนซา","503","0","0.00"
"11369  :  โรงพยาบาลพระแสง","429","0","0.00"
"11370  :  โรงพยาบาลพุนพิน","1,074","0","0.00"
"11371  :  โรงพยาบาลชัยบุรี","66","0","0.00"
"11459  :  โรงพยาบาลสมเด็จพระยุพราชเวียงสระ","513","0","0.00"
"11654  :  โรงพยาบาลวิภาวดี","134","0","0.00"
"12289  :  โรงพยาบาลสวนสราญรมย์","0","0","0.00"
"14138  :  โรงพยาบาลท่าโรงช้าง","151","1","0.66"
"14203  :  โรงพยาบาลมะเร็งสุราษฎร์ธานี","0","0","0.00"
"14862  :  โรงพยาบาลกองบิน7","11","0","0.00"
"14901  :  โรงพยาบาลค่ายวิภาวดีรังสิต","244","0","0.00"
"40915  :  สถาบันสุขภาพจิตเด็กและวัยรุ่นภาคใต้","0","0","0.00"
"10743  :  โรงพยาบาลระนอง","0","0","0.00"
"11323  :  โรงพยาบาลละอุ่น","48","0","0.00"
"11372  :  โรงพยาบาลกะเปอร์","498","0","0.00"
"11373  :  โรงพยาบาลกระบุรี","326","0","0.00"
"11374  :  โรงพยาบาลสุขสำราญ","196","0","0.00"
"10744  :  โรงพยาบาลชุมพรเขตรอุดมศักดิ์","0","0","0.00"
"11375  :  โรงพยาบาลปากน้ำชุมพร","636","3","0.47"
"11376  :  โรงพยาบาลท่าแซะ","228","0","0.00"
"11377  :  โรงพยาบาลปะทิว","108","0","0.00"
"11378  :  โรงพยาบาลมาบอำมฤต","623","0","0.00"
"11379  :  โรงพยาบาลหลังสวน","425","0","0.00"
"11380  :  โรงพยาบาลปากน้ำหลังสวน","307","0","0.00"
"11381  :  โรงพยาบาลละแม","324","0","0.00"
"11382  :  โรงพยาบาลพะโต๊ะ","568","0","0.00"
"11383  :  โรงพยาบาลสวี","393","2","0.51"
"11385  :  โรงพยาบาลทุ่งตะโก","314","1","0.32"
"11525  :  โรงพยาบาลค่ายเขตอุดมศักดิ์","72","0","0.00"
"10682  :  โรงพยาบาลหาดใหญ่","0","0","0.00"
"10745  :  โรงพยาบาลสงขลา","0","0","0.00"
"11386  :  โรงพยาบาลสทิงพระ","0","0","0.00"
"11387  :  โรงพยาบาลจะนะ","0","0","0.00"
"11388  :  โรงพยาบาลสมเด็จพระบรมราชินีนาถ ณ  อำเภอนาทวี","0","0","0.00"
"11390  :  โรงพยาบาลเทพา","0","0","0.00"
"11391  :  โรงพยาบาลสะบ้าย้อย","0","0","0.00"
"11392  :  โรงพยาบาลระโนด","0","0","0.00"
"11393  :  โรงพยาบาลกระแสสินธุ์","0","0","0.00"
"11394  :  โรงพยาบาลรัตภูมิ","0","0","0.00"
"11395  :  โรงพยาบาลสะเดา","0","0","0.00"
"11396  :  โรงพยาบาลนาหม่อม","0","0","0.00"
"11397  :  โรงพยาบาลควนเนียง","0","0","0.00"
"11398  :  โรงพยาบาลปาดังเบซาร์","0","0","0.00"
"11399  :  โรงพยาบาลบางกล่ำ","0","0","0.00"
"11400  :  โรงพยาบาลสิงหนคร","0","0","0.00"
"11401  :  โรงพยาบาลคลองหอยโข่ง","0","0","0.00"
"12290  :  โรงพยาบาลจิตเวชสงขลาราชนครินทร์","0","0","0.00"
"14194  :  โรงพยาบาลธัญญารักษ์สงขลา","0","0","0.00"
"10746  :  โรงพยาบาลสตูล","0","0","0.00"
"11402  :  โรงพยาบาลควนโดน","399","0","0.00"
"11403  :  โรงพยาบาลควนกาหลง","356","0","0.00"
"11404  :  โรงพยาบาลท่าแพ","0","0","0.00"
"11405  :  โรงพยาบาลละงู","0","0","0.00"
"11406  :  โรงพยาบาลทุ่งหว้า","317","0","0.00"
"28786  :  โรงพยาบาลมะนัง","239","0","0.00"
"10683  :  โรงพยาบาลตรัง","0","0","0.00"
"11407  :  โรงพยาบาลกันตัง","262","0","0.00"
"11408  :  โรงพยาบาลย่านตาขาว","449","0","0.00"
"11409  :  โรงพยาบาลปะเหลียน","0","0","0.00"
"11410  :  โรงพยาบาลสิเกา","299","0","0.00"
"11411  :  โรงพยาบาลห้วยยอด","0","0","0.00"
"11412  :  โรงพยาบาลวังวิเศษ","494","0","0.00"
"11413  :  โรงพยาบาลนาโยง","0","0","0.00"
"12226  :  โรงพยาบาลวัฒนแพทย์","0","0","0.00"
"12230  :  โรงพยาบาล ทีอาร์พีเอช โรงพยาบาลทั่วไปขนาดใหญ่","0","0","0.00"
"13755  :  โรงพยาบาลโรคผิวหนังเขตร้อนภาคใต้ จังหวัดตรัง","0","0","0.00"
"14139  :  โรงพยาบาลรัษฎา","72","0","0.00"
"28817  :  โรงพยาบาลหาดสำราญเฉลิมพระเกียรติ 80 พรรษา","55","0","0.00"
"10747  :  โรงพยาบาลพัทลุง","0","0","0.00"
"11414  :  โรงพยาบาลกงหรา","216","0","0.00"
"11415  :  โรงพยาบาลเขาชัยสน","0","0","0.00"
"11416  :  โรงพยาบาลตะโหมด","590","0","0.00"
"11417  :  โรงพยาบาลควนขนุน","0","0","0.00"
"11418  :  โรงพยาบาลปากพะยูน","0","0","0.00"
"11419  :  โรงพยาบาลศรีบรรพต","178","0","0.00"
"11420  :  โรงพยาบาลป่าบอน","264","0","0.00"
"11421  :  โรงพยาบาลบางแก้ว","0","0","0.00"
"11422  :  โรงพยาบาลป่าพะยอม","0","0","0.00"
"24673  :  โรงพยาบาลศรีนครินทร์(ปัญญานันทภิขุ)","270","0","0.00"
"10748  :  โรงพยาบาลปัตตานี","1","0","0.00"
"11423  :  โรงพยาบาลโคกโพธิ์","0","0","0.00"
"11424  :  โรงพยาบาลหนองจิก","0","0","0.00"
"11425  :  โรงพยาบาลปะนาเระ","0","0","0.00"
"11426  :  โรงพยาบาลมายอ","0","0","0.00"
"11427  :  โรงพยาบาลทุ่งยางแดง","1","0","0.00"
"11428  :  โรงพยาบาลไม้แก่น","0","0","0.00"
"11429  :  โรงพยาบาลยะหริ่ง","0","0","0.00"
"11430  :  โรงพยาบาลยะรัง","0","0","0.00"
"11431  :  โรงพยาบาลแม่ลาน","0","0","0.00"
"11460  :  โรงพยาบาลสมเด็จพระยุพราชสายบุรี","0","0","0.00"
"11464  :  โรงพยาบาลกะพ้อ","0","0","0.00"
"11529  :  โรงพยาบาลค่ายอิงคยุทธบริหาร","0","0","0.00"
"14195  :  โรงพยาบาลธัญญรักษ์ปัตตานี","0","0","0.00"
"10684  :  โรงพยาบาลยะลา","0","0","0.00"
"10749  :  โรงพยาบาลเบตง","0","0","0.00"
"11432  :  โรงพยาบาลบันนังสตา","0","0","0.00"
"11433  :  โรงพยาบาลธารโต","74","0","0.00"
"11434  :  โรงพยาบาลรามัน","0","0","0.00"
"11461  :  โรงพยาบาลสมเด็จพระยุพราชยะหา","0","0","0.00"
"12238  :  โรงพยาบาลสิโรรส","0","0","0.00"
"13806  :  โรงพยาบาลกาบัง","0","0","0.00"
"14663  :  โรงพยาบาลส่งเสริมสุขภาพ ศูนย์อนามัยที่ 12","0","0","0.00"
"24689  :  โรงพยาบาลกรงปินัง","0","0","0.00"
"10750  :  โรงพยาบาลนราธิวาสราชนครินทร์","0","0","0.00"
"10751  :  โรงพยาบาลสุไหงโก-ลก","2","0","0.00"
"11435  :  โรงพยาบาลตากใบ","1,267","0","0.00"
"11436  :  โรงพยาบาลบาเจาะ","912","0","0.00"
"11437  :  โรงพยาบาลระแงะ","1,129","0","0.00"
"11438  :  โรงพยาบาลรือเสาะ","834","0","0.00"
"11439  :  โรงพยาบาลศรีสาคร","1,141","0","0.00"
"11440  :  โรงพยาบาลแว้ง","699","0","0.00"
"11441  :  โรงพยาบาลสุคิริน","371","0","0.00"
"11442  :  โรงพยาบาลสุไหงปาดี","1,084","0","0.00"
"13818  :  โรงพยาบาลจะแนะ","1,220","0","0.00"
"15010  :  โรงพยาบาลเจาะไอร้อง","917","0","0.00"
"23771  :  โรงพยาบาลยี่งอเฉลิมพระเกียรติ 80 พรรษา","469","0","0.00"