"โรงพยาบาล","รวม(ครั้ง)","ตค.","พย.","ธค.","มค.","กพ.","มีค.","เมย.","พค.","มิย.","กค.","สค.","กย."
"11468  :  ทัณฑสถานโรงพยาบาลราชทัณฑ์","0","0","0","0","0","0","0","0","0","0","0","0","0"
"11469  :  โรงพยาบาลเลิดสิน","0","0","0","0","0","0","0","0","0","0","0","0","0"
"11470  :  โรงพยาบาลนพรัตนราชธานี","0","0","0","0","0","0","0","0","0","0","0","0","0"
"11471  :  โรงพยาบาลสงฆ์","0","0","0","0","0","0","0","0","0","0","0","0","0"
"11472  :  โรงพยาบาลราชวิถี","0","0","0","0","0","0","0","0","0","0","0","0","0"
"11477  :  โรงพยาบาลทหารผ่านศึก","0","0","0","0","0","0","0","0","0","0","0","0","0"
"11478  :  โรงพยาบาลสมเด็จพระปิ่นเกล้า","0","0","0","0","0","0","0","0","0","0","0","0","0"
"11481  :  โรงพยาบาลพระมงกุฎเกล้า","0","0","0","0","0","0","0","0","0","0","0","0","0"
"11482  :  โรงพยาบาลภูมิพลอดุลยเดช","0","0","0","0","0","0","0","0","0","0","0","0","0"
"11532  :  โรงพยาบาลสวนเบญจกิติเฉลิมพระเกียรติ84พรรษา","0","0","0","0","0","0","0","0","0","0","0","0","0"
"11534  :  โรงพยาบาลบุรฉัตรไชยากร (รถไฟ)","0","0","0","0","0","0","0","0","0","0","0","0","0"
"11535  :  คณะแพทย์ศาสตร์วชิรพยาบาล มหาวิทยาลัยกรุงเทพมหานคร","0","0","0","0","0","0","0","0","0","0","0","0","0"
"11536  :  โรงพยาบาลเวชการุณย์รัศมิ์","0","0","0","0","0","0","0","0","0","0","0","0","0"
"11537  :  โรงพยาบาลกลาง","0","0","0","0","0","0","0","0","0","0","0","0","0"
"11538  :  โรงพยาบาลลาดกระบังกรุงเทพมหานคร","0","0","0","0","0","0","0","0","0","0","0","0","0"
"11539  :  โรงพยาบาลตากสิน","0","0","0","0","0","0","0","0","0","0","0","0","0"
"11540  :  โรงพยาบาลหลวงพ่อทวีศักดิ์ฯ ชุตินธโร อุทิศ","0","0","0","0","0","0","0","0","0","0","0","0","0"
"11541  :  โรงพยาบาลเจริญกรุงประชารักษ์","0","0","0","0","0","0","0","0","0","0","0","0","0"
"11546  :  โรงพยาบาลบี เอ็น เอช","0","0","0","0","0","0","0","0","0","0","0","0","0"
"11548  :  โรงพยาบาลกรุงเทพคริสเตียน","0","0","0","0","0","0","0","0","0","0","0","0","0"
"11552  :  โรงพยาบาลมเหสักข์","0","0","0","0","0","0","0","0","0","0","0","0","0"
"11559  :  สถานพยาบาลชินเขตงามวงศ์วาน","0","0","0","0","0","0","0","0","0","0","0","0","0"
"11560  :  โรงพยาบาลทั่วไปขนาดใหญ่เปาโล เกษตร","0","0","0","0","0","0","0","0","0","0","0","0","0"
"11565  :  โรงพยาบาลรามคำแหง","0","0","0","0","0","0","0","0","0","0","0","0","0"
"11581  :  โรงพยาบาลผู้สูงอายุขนาดกลางกล้วยน้ำไท 2","0","0","0","0","0","0","0","0","0","0","0","0","0"
"11583  :  โรงพยาบาลกล้วยน้ำไท","0","0","0","0","0","0","0","0","0","0","0","0","0"
"11592  :  โรงพยาบาลบางนา1","0","0","0","0","0","0","0","0","0","0","0","0","0"
"11595  :  นวมินทร์โรงพยาบาลทั่วไปขนาดใหญ่","0","0","0","0","0","0","0","0","0","0","0","0","0"
"11597  :  สถาบันกัลยาณ์ราชนครินทร์","0","0","0","0","0","0","0","0","0","0","0","0","0"
"11600  :  โรงพยาบาลเซนต์หลุยส์","0","0","0","0","0","0","0","0","0","0","0","0","0"
"11603  :  โรงพยาบาลเทียนฟ้ามูลนิธิโรงพยาบาลทั่วไปขนาดกลาง","0","0","0","0","0","0","0","0","0","0","0","0","0"
"11607  :  โรงพยาบาลเปาโลเมโมเรียล","0","0","0","0","0","0","0","0","0","0","0","0","0"
"11609  :  โรงพยาบาลพญาไท 2","0","0","0","0","0","0","0","0","0","0","0","0","0"
"11616  :  โรงพยาบาลสมิติเวชธนบุรี","0","0","0","0","0","0","0","0","0","0","0","0","0"
"11621  :  โรงพยาบาลบางไผ่","0","0","0","0","0","0","0","0","0","0","0","0","0"
"11626  :  โรงพยาบาลคลองตัน","0","0","0","0","0","0","0","0","0","0","0","0","0"
"11628  :  โรงพยาบาลพระราม 9","0","0","0","0","0","0","0","0","0","0","0","0","0"
"11629  :  โรงพยาบาลเพชรเวช","0","0","0","0","0","0","0","0","0","0","0","0","0"
"11640  :  โรงพยาบาลธนบุรี 2","0","0","0","0","0","0","0","0","0","0","0","0","0"
"11641  :  โรงพยาบาลทั่วไปขนาดกลางโรงพยาบาลวิชัยเวช แยกไฟฉาย","0","0","0","0","0","0","0","0","0","0","0","0","0"
"11644  :  โรงพยาบาลเจ้าพระยา","0","0","0","0","0","0","0","0","0","0","0","0","0"
"11645  :  โรงพยาบาลทั่วไปขนาดใหญ่ธนบุรี","0","0","0","0","0","0","0","0","0","0","0","0","0"
"11656  :  โรงพยาบาลเกษมราษฎร์ บางแค","0","0","0","0","0","0","0","0","0","0","0","0","0"
"11661  :  โรงพยาบาลวิชัยเวช อินเตอร์เนชั่นแนล หนองแขม","0","0","0","0","0","0","0","0","0","0","0","0","0"
"11667  :  โรงพยาบาลประชาพัฒน์","0","0","0","0","0","0","0","0","0","0","0","0","0"
"11668  :  โรงพยาบาลสุขสวัสดิ์","0","0","0","0","0","0","0","0","0","0","0","0","0"
"11669  :  โรงพยาบาลราษฏร์บูรณะ","0","0","0","0","0","0","0","0","0","0","0","0","0"
"11670  :  โรงพยาบาลบางปะกอก 1","0","0","0","0","0","0","0","0","0","0","0","0","0"
"11676  :  โรงพยาบาลยันฮี","0","0","0","0","0","0","0","0","0","0","0","0","0"
"11686  :  โรงพยาบาลบางโพ","0","0","0","0","0","0","0","0","0","0","0","0","0"
"11687  :  โรงพยาบาลเกษมราษฎร์ประชาชื่น","0","0","0","0","0","0","0","0","0","0","0","0","0"
"11691  :  โรงพยาบาลวิภาวดี","0","0","0","0","0","0","0","0","0","0","0","0","0"
"11694  :  โรงพยาบาลจักษุรัตนิน","0","0","0","0","0","0","0","0","0","0","0","0","0"
"11697  :  โรงพยาบาลคามิลเลียน","0","0","0","0","0","0","0","0","0","0","0","0","0"
"11699  :  โรงพยาบาลบำรุงราษฎร์","0","0","0","0","0","0","0","0","0","0","0","0","0"
"11703  :  โรงพยาบาลแพทย์ปัญญา","0","0","0","0","0","0","0","0","0","0","0","0","0"
"11708  :  โรงพยาบาลบางมดโรงพยาบาลทั่วไปขนาดใหญ่","0","0","0","0","0","0","0","0","0","0","0","0","0"
"11715  :  โรงพยาบาลพญาไท 1","0","0","0","0","0","0","0","0","0","0","0","0","0"
"11721  :  โรงพยาบาลเปาโลเมโมเรียล โชคชัย 4","0","0","0","0","0","0","0","0","0","0","0","0","0"
"11729  :  โรงพยาบาลลาดพร้าว","0","0","0","0","0","0","0","0","0","0","0","0","0"
"11730  :  โรงพยาบาลไทยนครินทร์","0","0","0","0","0","0","0","0","0","0","0","0","0"
"11750  :  โรงพยาบาลหัวเฉียวโรงพยาบาลทั่วไปขนาดใหญ่","0","0","0","0","0","0","0","0","0","0","0","0","0"
"11811  :  โรงพยาบาลสมิติเวช","0","0","0","0","0","0","0","0","0","0","0","0","0"
"12243  :  สถาบันพัฒนาสุขภาวะเขตเมือง","0","0","0","0","0","0","0","0","0","0","0","0","0"
"12244  :  สถาบันจิตเวชศาสตร์สมเด็จเจ้าพระยา","0","0","0","0","0","0","0","0","0","0","0","0","0"
"12246  :  สถาบันราชานุกูล","0","0","0","0","0","0","0","0","0","0","0","0","0"
"12249  :  สถาบันโรคผิวหนัง","0","0","0","0","0","0","0","0","0","0","0","0","0"
"12250  :  สถาบันมะเร็งแห่งชาติ","0","0","0","0","0","0","0","0","0","0","0","0","0"
"12438  :  สถาบันสุขภาพเด็กแห่งชาติมหาราชินี","0","0","0","0","0","0","0","0","0","0","0","0","0"
"12439  :  สถาบันประสาทวิทยา","0","0","0","0","0","0","0","0","0","0","0","0","0"
"13756  :  โรงพยาบาลจุฬาลงกรณ์สภากาชาดไทย","0","0","0","0","0","0","0","0","0","0","0","0","0"
"13757  :  โรงพยาบาลเวชศาสตร์เขตร้อน มหาวิทยาลัยมหิดล","0","0","0","0","0","0","0","0","0","0","0","0","0"
"13814  :  โรงพยาบาลศิริราช","0","0","0","0","0","0","0","0","0","0","0","0","0"
"14173  :  โรงพยาบาลตำรวจ","0","0","0","0","0","0","0","0","0","0","0","0","0"
"14572  :  โรงพยาบาลบี.แคร์.เมดิคอลเซ็นเตอร์","0","0","0","0","0","0","0","0","0","0","0","0","0"
"14574  :  โรงพยาบาลพญาไท 3","0","0","0","0","0","0","0","0","0","0","0","0","0"
"14577  :  โรงพยาบาลวิภาราม","0","0","0","0","0","0","0","0","0","0","0","0","0"
"14641  :  โรงพยาบาลราชพิพัฒน์","0","0","0","0","0","0","0","0","0","0","0","0","0"
"14908  :  โรงพยาบาลการุญเวช สุขาภิบาล3","0","0","0","0","0","0","0","0","0","0","0","0","0"
"15049  :  โรงพยาบาลสิรินธร","0","0","0","0","0","0","0","0","0","0","0","0","0"
"15147  :  โรงพยาบาลบางปะกอก 8 โรงพยาบาลทั่วไปขนาดใหญ่","0","0","0","0","0","0","0","0","0","0","0","0","0"
"21673  :  โรงพยาบาลซีจีเอช สายไหม โรงพยาบาลทั่วไปขนาดใหญ่","0","0","0","0","0","0","0","0","0","0","0","0","0"
"22155  :  โรงพยาบาลครู","0","0","0","0","0","0","0","0","0","0","0","0","0"
"22737  :  โรงพยาบาลจุฬาภรณ์","0","0","0","0","0","0","0","0","0","0","0","0","0"
"23762  :  โรงพยาบาลนวุติสมเด็จย่า","0","0","0","0","0","0","0","0","0","0","0","0","0"
"23781  :  นวมินทร์ 9โรงพยาบาลทั่วไปขนาดใหญ่","0","0","0","0","0","0","0","0","0","0","0","0","0"
"23783  :  โรงพยาบาลเสรีรักษ์","0","0","0","0","0","0","0","0","0","0","0","0","0"
"24085  :  สถาบันวิจัยการแพทย์แผนไทย","0","0","0","0","0","0","0","0","0","0","0","0","0"
"24748  :  โรงพยาบาลศิริราช ปิยมหาราชการุณย์","0","0","0","0","0","0","0","0","0","0","0","0","0"
"25015  :  โรงพยาบาลทั่วไปขนาดใหญ่มิตรประชา","0","0","0","0","0","0","0","0","0","0","0","0","0"
"25060  :  โรงพยาบาลผู้สูงอายุบางขุนเทียน","0","0","0","0","0","0","0","0","0","0","0","0","0"
"41329  :  โรงพยาบาลเฉพาะประเภทผู้ป่วยสูงอายุ เฌ้อสเซอรี่โฮมขนาดเล็ก","0","0","0","0","0","0","0","0","0","0","0","0","0"
"41414  :  โรงพยาบาลทหารอากาศ (สีกัน)","0","0","0","0","0","0","0","0","0","0","0","0","0"
"77665  :  โรงพยาบาลการแพทย์แผนไทยและการแพทย์ผสมผสาน","0","0","0","0","0","0","0","0","0","0","0","0","0"
"10685  :  โรงพยาบาลสมุทรปราการ","10","0","2","0","0","0","8","0","0","0","0","0","0"
"10752  :  โรงพยาบาลบางบ่อ","0","0","0","0","0","0","0","0","0","0","0","0","0"
"10753  :  โรงพยาบาลบางพลี","0","0","0","0","0","0","0","0","0","0","0","0","0"
"10754  :  โรงพยาบาลบางจาก","1","0","0","0","1","0","0","0","0","0","0","0","0"
"10755  :  โรงพยาบาลพระสมุทรเจดีย์สวาทยานนท์","9","0","3","1","3","0","0","2","0","0","0","0","0"
"11769  :  โรงพยาบาลเซ็นทรัลปาร์ค","1","0","0","0","0","0","1","0","0","0","0","0","0"
"11775  :  โรงพยาบาลเมืองสมุทรปู่เจ้าสมิงพราย","0","0","0","0","0","0","0","0","0","0","0","0","0"
"12251  :  โรงพยาบาลยุวประสาทไวทโยปถัมภ์","0","0","0","0","0","0","0","0","0","0","0","0","0"
"15138  :  โรงพยาบาลเมืองสมุทรบางปูโรงพยาบาลทั่วไปขนาดเล็ก","0","0","0","0","0","0","0","0","0","0","0","0","0"
"28785  :  โรงพยาบาลบางเสาธง","0","0","0","0","0","0","0","0","0","0","0","0","0"
"10686  :  โรงพยาบาลพระนั่งเกล้า","70","10","14","8","18","14","6","0","0","0","0","0","0"
"10756  :  โรงพยาบาลบางกรวย","0","0","0","0","0","0","0","0","0","0","0","0","0"
"10757  :  โรงพยาบาลบางใหญ่","7","1","0","2","2","0","2","0","0","0","0","0","0"
"10758  :  โรงพยาบาลบางบัวทอง","10","2","1","2","3","1","1","0","0","0","0","0","0"
"10759  :  โรงพยาบาลไทรน้อย","0","0","0","0","0","0","0","0","0","0","0","0","0"
"10760  :  โรงพยาบาลปากเกร็ด","1","0","1","0","0","0","0","0","0","0","0","0","0"
"11781  :  โรงพยาบาลนนทเวช","0","0","0","0","0","0","0","0","0","0","0","0","0"
"11786  :  โรงพยาบาลอนันต์พัฒนา 2","0","0","0","0","0","0","0","0","0","0","0","0","0"
"11787  :  โรงพยาบาลเกษมราษฎร์อินเตอร์เนชั่นแนล รัตนาธิเบศร์โรงพยาบาลทั่วไปขนาดใหญ่","0","0","0","0","0","0","0","0","0","0","0","0","0"
"12256  :  สถาบันโรคทรวงอก","0","0","0","0","0","0","0","0","0","0","0","0","0"
"12257  :  สถาบันบำราศนราดูร","0","0","0","0","0","0","0","0","0","0","0","0","0"
"12258  :  สถาบันสิรินธรเพื่อการฟื้นฟูสมรรถภาพทางการแพทย์แห่งชาติ","0","0","0","0","0","0","0","0","0","0","0","0","0"
"12260  :  โรงพยาบาลศรีธัญญา","0","0","0","0","0","0","0","0","0","0","0","0","0"
"13815  :  ศูนย์การแพทย์ปัญญานันทภิกขุ ชลประทาน มหาวิทยาลัยศรีนครินทรวิโรฒ","170","27","28","33","34","12","20","16","0","0","0","0","0"
"22127  :  โรงพยาบาลชลลดา","0","0","0","0","0","0","0","0","0","0","0","0","0"
"28875  :  โรงพยาบาลบางบัวทอง ๒","0","0","0","0","0","0","0","0","0","0","0","0","0"
"10687  :  โรงพยาบาลปทุมธานี","3","0","1","2","0","0","0","0","0","0","0","0","0"
"10761  :  โรงพยาบาลคลองหลวง","0","0","0","0","0","0","0","0","0","0","0","0","0"
"10762  :  โรงพยาบาลธัญบุรี","5","2","1","1","0","1","0","0","0","0","0","0","0"
"10763  :  โรงพยาบาลประชาธิปัตย์","0","0","0","0","0","0","0","0","0","0","0","0","0"
"10764  :  โรงพยาบาลหนองเสือ","0","0","0","0","0","0","0","0","0","0","0","0","0"
"10765  :  โรงพยาบาลลาดหลุมแก้ว","0","0","0","0","0","0","0","0","0","0","0","0","0"
"10766  :  โรงพยาบาลลำลูกกา","0","0","0","0","0","0","0","0","0","0","0","0","0"
"10767  :  โรงพยาบาลสามโคก","0","0","0","0","0","0","0","0","0","0","0","0","0"
"12262  :  สถาบันบำบัดรักษาและฟื้นฟูผู้ติดยาเสพติดแห่งชาติบรมราชชนนี","0","0","0","0","0","0","0","0","0","0","0","0","0"
"14923  :  โรงพยาบาลมหาวชิราลงกรณ ธัญบุรี","0","0","0","0","0","0","0","0","0","0","0","0","0"
"10660  :  โรงพยาบาลพระนครศรีอยุธยา","191","33","28","37","11","18","29","20","15","0","0","0","0"
"10688  :  โรงพยาบาลเสนา","0","0","0","0","0","0","0","0","0","0","0","0","0"
"10768  :  โรงพยาบาลท่าเรือ","0","0","0","0","0","0","0","0","0","0","0","0","0"
"10769  :  โรงพยาบาลสมเด็จพระสังฆราชเจ้า กรมหลวงชินวราลงกรณ (วาสนมหาเถร)","7","0","2","0","4","1","0","0","0","0","0","0","0"
"10770  :  โรงพยาบาลบางไทร","0","0","0","0","0","0","0","0","0","0","0","0","0"
"10771  :  โรงพยาบาลบางบาล","0","0","0","0","0","0","0","0","0","0","0","0","0"
"10772  :  โรงพยาบาลบางปะอิน","16","4","3","2","2","3","0","2","0","0","0","0","0"
"10773  :  โรงพยาบาลบางปะหัน","8","0","1","3","3","0","0","0","1","0","0","0","0"
"10774  :  โรงพยาบาลผักไห่","0","0","0","0","0","0","0","0","0","0","0","0","0"
"10775  :  โรงพยาบาลภาชี","0","0","0","0","0","0","0","0","0","0","0","0","0"
"10776  :  โรงพยาบาลลาดบัวหลวง","0","0","0","0","0","0","0","0","0","0","0","0","0"
"10777  :  โรงพยาบาลวังน้อย","0","0","0","0","0","0","0","0","0","0","0","0","0"
"10778  :  โรงพยาบาลบางซ้าย","0","0","0","0","0","0","0","0","0","0","0","0","0"
"10779  :  โรงพยาบาลอุทัย","3","0","1","0","1","0","1","0","0","0","0","0","0"
"10780  :  โรงพยาบาลมหาราช","0","0","0","0","0","0","0","0","0","0","0","0","0"
"10781  :  โรงพยาบาลบ้านแพรก","0","0","0","0","0","0","0","0","0","0","0","0","0"
"10689  :  โรงพยาบาลอ่างทอง","17","4","5","1","4","2","1","0","0","0","0","0","0"
"10782  :  โรงพยาบาลไชโย","0","0","0","0","0","0","0","0","0","0","0","0","0"
"10784  :  โรงพยาบาลป่าโมก","0","0","0","0","0","0","0","0","0","0","0","0","0"
"10785  :  โรงพยาบาลโพธิ์ทอง","1","1","0","0","0","0","0","0","0","0","0","0","0"
"10786  :  โรงพยาบาลแสวงหา","0","0","0","0","0","0","0","0","0","0","0","0","0"
"10787  :  โรงพยาบาลวิเศษชัยชาญ","1","0","0","0","0","1","0","0","0","0","0","0","0"
"10788  :  โรงพยาบาลสามโก้","0","0","0","0","0","0","0","0","0","0","0","0","0"
"10690  :  โรงพยาบาลพระนารายณ์มหาราช","0","0","0","0","0","0","0","0","0","0","0","0","0"
"10691  :  โรงพยาบาลบ้านหมี่","0","0","0","0","0","0","0","0","0","0","0","0","0"
"10789  :  โรงพยาบาลพัฒนานิคม","4","1","0","0","0","0","1","0","2","0","0","0","0"
"10790  :  โรงพยาบาลโคกสำโรง","0","0","0","0","0","0","0","0","0","0","0","0","0"
"10791  :  โรงพยาบาลชัยบาดาล","53","3","10","12","8","8","5","4","3","0","0","0","0"
"10792  :  โรงพยาบาลท่าวุ้ง","0","0","0","0","0","0","0","0","0","0","0","0","0"
"10793  :  โรงพยาบาลท่าหลวง","0","0","0","0","0","0","0","0","0","0","0","0","0"
"10794  :  โรงพยาบาลสระโบสถ์","0","0","0","0","0","0","0","0","0","0","0","0","0"
"10795  :  โรงพยาบาลโคกเจริญ","0","0","0","0","0","0","0","0","0","0","0","0","0"
"10796  :  โรงพยาบาลลำสนธิ","0","0","0","0","0","0","0","0","0","0","0","0","0"
"10797  :  โรงพยาบาลหนองม่วง","0","0","0","0","0","0","0","0","0","0","0","0","0"
"14199  :  โรงพยาบาลมะเร็งลพบุรี","0","0","0","0","0","0","0","0","0","0","0","0","0"
"14928  :  โรงพยาบาลกองบิน 2","0","0","0","0","0","0","0","0","0","0","0","0","0"
"10692  :  โรงพยาบาลสิงห์บุรี","4","0","2","2","0","0","0","0","0","0","0","0","0"
"10693  :  โรงพยาบาลอินทร์บุรี","2","0","1","0","1","0","0","0","0","0","0","0","0"
"10798  :  โรงพยาบาลบางระจัน","0","0","0","0","0","0","0","0","0","0","0","0","0"
"10799  :  โรงพยาบาลค่ายบางระจัน","0","0","0","0","0","0","0","0","0","0","0","0","0"
"10800  :  โรงพยาบาลพรหมบุรี","0","0","0","0","0","0","0","0","0","0","0","0","0"
"10801  :  โรงพยาบาลท่าช้าง","0","0","0","0","0","0","0","0","0","0","0","0","0"
"10694  :  โรงพยาบาลชัยนาทนเรนทร","0","0","0","0","0","0","0","0","0","0","0","0","0"
"10802  :  โรงพยาบาลมโนรมย์","0","0","0","0","0","0","0","0","0","0","0","0","0"
"10803  :  โรงพยาบาลวัดสิงห์","0","0","0","0","0","0","0","0","0","0","0","0","0"
"10804  :  โรงพยาบาลสรรพยา","0","0","0","0","0","0","0","0","0","0","0","0","0"
"10805  :  โรงพยาบาลสรรคบุรี","0","0","0","0","0","0","0","0","0","0","0","0","0"
"10806  :  โรงพยาบาลหันคา","0","0","0","0","0","0","0","0","0","0","0","0","0"
"27974  :  โรงพยาบาลหนองมะโมง","0","0","0","0","0","0","0","0","0","0","0","0","0"
"27975  :  โรงพยาบาลเนินขาม","0","0","0","0","0","0","0","0","0","0","0","0","0"
"10661  :  โรงพยาบาลสระบุรี","0","0","0","0","0","0","0","0","0","0","0","0","0"
"10695  :  โรงพยาบาลพระพุทธบาท","0","0","0","0","0","0","0","0","0","0","0","0","0"
"10807  :  โรงพยาบาลแก่งคอย","2","1","1","0","0","0","0","0","0","0","0","0","0"
"10808  :  โรงพยาบาลหนองแค","4","0","1","2","0","0","1","0","0","0","0","0","0"
"10809  :  โรงพยาบาลวิหารแดง","0","0","0","0","0","0","0","0","0","0","0","0","0"
"10810  :  โรงพยาบาลหนองแซง","0","0","0","0","0","0","0","0","0","0","0","0","0"
"10811  :  โรงพยาบาลบ้านหมอ","0","0","0","0","0","0","0","0","0","0","0","0","0"
"10812  :  โรงพยาบาลดอนพุด","0","0","0","0","0","0","0","0","0","0","0","0","0"
"10813  :  โรงพยาบาลหนองโดน","0","0","0","0","0","0","0","0","0","0","0","0","0"
"10814  :  โรงพยาบาลเสาไห้เฉลิมพระเกียรติ80พรรษา","0","0","0","0","0","0","0","0","0","0","0","0","0"
"10815  :  โรงพยาบาลมวกเหล็ก","13","0","5","0","2","3","2","1","0","0","0","0","0"
"10816  :  โรงพยาบาลวังม่วงสัทธรรม","38","4","9","7","7","7","2","2","0","0","0","0","0"
"11485  :  โรงพยาบาลค่ายอดิศร","0","0","0","0","0","0","0","0","0","0","0","0","0"
"10662  :  โรงพยาบาลชลบุรี","0","0","0","0","0","0","0","0","0","0","0","0","0"
"10817  :  โรงพยาบาลบ้านบึง","3","0","1","0","2","0","0","0","0","0","0","0","0"
"10818  :  โรงพยาบาลหนองใหญ่","0","0","0","0","0","0","0","0","0","0","0","0","0"
"10819  :  โรงพยาบาลบางละมุง","463","72","61","82","72","48","63","45","20","0","0","0","0"
"10820  :  โรงพยาบาลวัดญาณสังวราราม","0","0","0","0","0","0","0","0","0","0","0","0","0"
"10821  :  โรงพยาบาลพานทอง","0","0","0","0","0","0","0","0","0","0","0","0","0"
"10822  :  โรงพยาบาลพนัสนิคม","20","8","1","3","0","2","4","2","0","0","0","0","0"
"10823  :  โรงพยาบาลแหลมฉบัง","162","24","24","28","23","24","24","15","0","0","0","0","0"
"10824  :  โรงพยาบาลเกาะสีชัง","0","0","0","0","0","0","0","0","0","0","0","0","0"
"10825  :  โรงพยาบาลสัตหีบกม10","0","0","0","0","0","0","0","0","0","0","0","0","0"
"10826  :  โรงพยาบาลบ่อทอง","0","0","0","0","0","0","0","0","0","0","0","0","0"
"11486  :  โรงพยาบาลค่ายนวมินทราชินี","0","0","0","0","0","0","0","0","0","0","0","0","0"
"11487  :  โรงพยาบาลอาภากรเกียรติวงศ์","0","0","0","0","0","0","0","0","0","0","0","0","0"
"13754  :  โรงพยาบาลสมเด็จพระบรมราชเทวี ณ ศรีราชา","0","0","0","0","0","0","0","0","0","0","0","0","0"
"13758  :  โรงพยาบาลสมเด็จพระนางเจ้าสิริกิติ์","0","0","0","0","0","0","0","0","0","0","0","0","0"
"13760  :  โรงพยาบาลมะเร็งชลบุรี","0","0","0","0","0","0","0","0","0","0","0","0","0"
"13766  :  โรงพยาบาลมหาวิทยาลัยบูรพา","6","0","1","1","0","2","1","1","0","0","0","0","0"
"28005  :  โรงพยาบาลเมืองพัทยา","0","0","0","0","0","0","0","0","0","0","0","0","0"
"28006  :  โรงพยาบาลเกาะจันทร์","1","1","0","0","0","0","0","0","0","0","0","0","0"
"10663  :  โรงพยาบาลระยอง","88","26","14","16","9","12","10","1","0","0","0","0","0"
"10827  :  โรงพยาบาลเฉลิมพระเกียรติสมเด็จพระเทพรัตนราชสุดาฯ สยามบรมราชกุมารี ระยอง","30","4","7","8","7","1","1","2","0","0","0","0","0"
"10828  :  โรงพยาบาลบ้านฉาง","9","4","0","0","0","0","5","0","0","0","0","0","0"
"10829  :  โรงพยาบาลแกลง","0","0","0","0","0","0","0","0","0","0","0","0","0"
"10830  :  โรงพยาบาลวังจันทร์","52","8","5","5","13","11","6","4","0","0","0","0","0"
"10831  :  โรงพยาบาลบ้านค่าย","30","5","7","4","9","3","1","1","0","0","0","0","0"
"10832  :  โรงพยาบาลปลวกแดง","3","0","0","2","0","1","0","0","0","0","0","0","0"
"22734  :  โรงพยาบาลเขาชะเมา เฉลิมพระเกียรติ 80 พรรษา","12","4","2","1","4","1","0","0","0","0","0","0","0"
"23962  :  โรงพยาบาลนิคมพัฒนา","0","0","0","0","0","0","0","0","0","0","0","0","0"
"10664  :  โรงพยาบาลพระปกเกล้า","127","28","20","24","15","14","15","9","2","0","0","0","0"
"10834  :  โรงพยาบาลขลุง","0","0","0","0","0","0","0","0","0","0","0","0","0"
"10835  :  โรงพยาบาลท่าใหม่","6","3","2","0","0","1","0","0","0","0","0","0","0"
"10836  :  โรงพยาบาลเขาสุกิม","0","0","0","0","0","0","0","0","0","0","0","0","0"
"10837  :  โรงพยาบาลสองพี่น้อง","2","0","0","0","0","1","0","1","0","0","0","0","0"
"10838  :  โรงพยาบาลโป่งน้ำร้อน","0","0","0","0","0","0","0","0","0","0","0","0","0"
"10839  :  โรงพยาบาลมะขาม","18","2","6","1","5","3","1","0","0","0","0","0","0"
"10840  :  โรงพยาบาลแหลมสิงห์","0","0","0","0","0","0","0","0","0","0","0","0","0"
"10841  :  โรงพยาบาลสอยดาว","0","0","0","0","0","0","0","0","0","0","0","0","0"
"10842  :  โรงพยาบาลแก่งหางแมว","0","0","0","0","0","0","0","0","0","0","0","0","0"
"10843  :  โรงพยาบาลนายายอาม","0","0","0","0","0","0","0","0","0","0","0","0","0"
"10844  :  โรงพยาบาลเขาคิชฌกูฏ","2","0","0","0","0","0","0","2","0","0","0","0","0"
"10696  :  โรงพยาบาลตราด","11","5","2","2","1","0","0","1","0","0","0","0","0"
"10845  :  โรงพยาบาลคลองใหญ่","39","8","6","6","7","3","3","5","1","0","0","0","0"
"10846  :  โรงพยาบาลเขาสมิง","0","0","0","0","0","0","0","0","0","0","0","0","0"
"10847  :  โรงพยาบาลบ่อไร่","3","0","3","0","0","0","0","0","0","0","0","0","0"
"10848  :  โรงพยาบาลแหลมงอบ","0","0","0","0","0","0","0","0","0","0","0","0","0"
"10849  :  โรงพยาบาลเกาะกูด","0","0","0","0","0","0","0","0","0","0","0","0","0"
"13816  :  โรงพยาบาลเกาะช้าง","0","0","0","0","0","0","0","0","0","0","0","0","0"
"10697  :  โรงพยาบาลพุทธโสธร","13","0","4","3","1","1","4","0","0","0","0","0","0"
"10833  :  โรงพยาบาลท่าตะเกียบ","1","0","0","0","1","0","0","0","0","0","0","0","0"
"10850  :  โรงพยาบาลบางคล้า","2","1","0","0","0","0","1","0","0","0","0","0","0"
"10851  :  โรงพยาบาลบางน้ำเปรี้ยว","3","1","0","1","0","0","0","1","0","0","0","0","0"
"10852  :  โรงพยาบาลบางปะกง","1","0","0","1","0","0","0","0","0","0","0","0","0"
"10853  :  โรงพยาบาลบ้านโพธิ์","0","0","0","0","0","0","0","0","0","0","0","0","0"
"10854  :  โรงพยาบาลพนมสารคาม","38","9","8","4","4","5","2","3","3","0","0","0","0"
"10855  :  โรงพยาบาลสนามชัยเขต","0","0","0","0","0","0","0","0","0","0","0","0","0"
"10856  :  โรงพยาบาลแปลงยาว","25","6","9","2","2","3","3","0","0","0","0","0","0"
"13747  :  โรงพยาบาลราชสาส์น","0","0","0","0","0","0","0","0","0","0","0","0","0"
"31327  :  โรงพยาบาลคลองเขื่อน","0","0","0","0","0","0","0","0","0","0","0","0","0"
"10665  :  โรงพยาบาลเจ้าพระยาอภัยภูเบศร","56","12","11","8","5","6","5","5","4","0","0","0","0"
"10857  :  โรงพยาบาลกบินทร์บุรี","6","2","2","0","1","0","1","0","0","0","0","0","0"
"10858  :  โรงพยาบาลนาดี","3","0","0","1","0","2","0","0","0","0","0","0","0"
"10859  :  โรงพยาบาลบ้านสร้าง","3","0","0","0","2","1","0","0","0","0","0","0","0"
"10860  :  โรงพยาบาลประจันตคาม","0","0","0","0","0","0","0","0","0","0","0","0","0"
"10861  :  โรงพยาบาลศรีมหาโพธิ","5","0","1","0","2","0","1","1","0","0","0","0","0"
"10862  :  โรงพยาบาลศรีมโหสถ","0","0","0","0","0","0","0","0","0","0","0","0","0"
"11490  :  โรงพยาบาลค่ายจักรพงษ์","2","0","0","1","1","0","0","0","0","0","0","0","0"
"10698  :  โรงพยาบาลนครนายก","0","0","0","0","0","0","0","0","0","0","0","0","0"
"10863  :  โรงพยาบาลปากพลี","0","0","0","0","0","0","0","0","0","0","0","0","0"
"10864  :  โรงพยาบาลบ้านนา","0","0","0","0","0","0","0","0","0","0","0","0","0"
"10865  :  โรงพยาบาลองครักษ์","0","0","0","0","0","0","0","0","0","0","0","0","0"
"11491  :  โรงพยาบาลรร.นายร้อยพระจุลจอมเกล้า","0","0","0","0","0","0","0","0","0","0","0","0","0"
"14904  :  โรงพยาบาลศูนย์การแพทย์สมเด็จพระเทพรัตนราชสุดาฯ","0","0","0","0","0","0","0","0","0","0","0","0","0"
"10699  :  โรงพยาบาลสมเด็จพระยุพราชสระแก้ว","3","2","0","0","0","1","0","0","0","0","0","0","0"
"10866  :  โรงพยาบาลคลองหาด","3","0","1","2","0","0","0","0","0","0","0","0","0"
"10867  :  โรงพยาบาลตาพระยา","19","4","3","2","3","3","2","0","2","0","0","0","0"
"10868  :  โรงพยาบาลวังน้ำเย็น","1","0","0","1","0","0","0","0","0","0","0","0","0"
"10869  :  โรงพยาบาลวัฒนานคร","7","3","0","2","1","1","0","0","0","0","0","0","0"
"10870  :  โรงพยาบาลอรัญประเทศ","0","0","0","0","0","0","0","0","0","0","0","0","0"
"13817  :  โรงพยาบาลเขาฉกรรจ์","10","2","0","4","2","2","0","0","0","0","0","0","0"
"14717  :  โรงพยาบาลจิตเวชสระแก้วราชนครินทร์","0","0","0","0","0","0","0","0","0","0","0","0","0"
"10666  :  โรงพยาบาลมหาราชนครราชสีมา","76","3","8","0","1","30","34","0","0","0","0","0","0"
"10871  :  โรงพยาบาลครบุรี","0","0","0","0","0","0","0","0","0","0","0","0","0"
"10872  :  โรงพยาบาลเสิงสาง","0","0","0","0","0","0","0","0","0","0","0","0","0"
"10873  :  โรงพยาบาลคง","2","1","0","0","0","0","1","0","0","0","0","0","0"
"10874  :  โรงพยาบาลบ้านเหลื่อม","0","0","0","0","0","0","0","0","0","0","0","0","0"
"10875  :  โรงพยาบาลจักราช","0","0","0","0","0","0","0","0","0","0","0","0","0"
"10876  :  โรงพยาบาลโชคชัย","21","5","5","2","3","2","2","1","1","0","0","0","0"
"10877  :  โรงพยาบาลด่านขุนทด","0","0","0","0","0","0","0","0","0","0","0","0","0"
"10878  :  โรงพยาบาลโนนไทย","0","0","0","0","0","0","0","0","0","0","0","0","0"
"10879  :  โรงพยาบาลโนนสูง","0","0","0","0","0","0","0","0","0","0","0","0","0"
"10880  :  โรงพยาบาลขามสะแกแสง","0","0","0","0","0","0","0","0","0","0","0","0","0"
"10881  :  โรงพยาบาลบัวใหญ่","0","0","0","0","0","0","0","0","0","0","0","0","0"
"10882  :  โรงพยาบาลประทาย","0","0","0","0","0","0","0","0","0","0","0","0","0"
"10883  :  โรงพยาบาลปักธงชัย","0","0","0","0","0","0","0","0","0","0","0","0","0"
"10884  :  โรงพยาบาลพิมาย","0","0","0","0","0","0","0","0","0","0","0","0","0"
"10885  :  โรงพยาบาลห้วยแถลง","0","0","0","0","0","0","0","0","0","0","0","0","0"
"10886  :  โรงพยาบาลชุมพวง","3","3","0","0","0","0","0","0","0","0","0","0","0"
"10887  :  โรงพยาบาลสูงเนิน","12","1","0","3","4","0","2","2","0","0","0","0","0"
"10888  :  โรงพยาบาลขามทะเลสอ","0","0","0","0","0","0","0","0","0","0","0","0","0"
"10889  :  โรงพยาบาลสีคิ้ว","3","0","0","2","0","0","0","1","0","0","0","0","0"
"10890  :  โรงพยาบาลปากช่องนานา","2","0","2","0","0","0","0","0","0","0","0","0","0"
"10891  :  โรงพยาบาลหนองบุญมาก","32","5","8","13","3","0","2","1","0","0","0","0","0"
"10892  :  โรงพยาบาลแก้งสนามนาง","1","0","0","1","0","0","0","0","0","0","0","0","0"
"10893  :  โรงพยาบาลโนนแดง","0","0","0","0","0","0","0","0","0","0","0","0","0"
"10894  :  โรงพยาบาลวังน้ำเขียว","10","3","5","0","0","0","1","1","0","0","0","0","0"
"11492  :  โรงพยาบาลค่ายสุรนารี นครราชสีมา","1","0","1","0","0","0","0","0","0","0","0","0","0"
"11602  :  โรงพยาบาลเฉลิมพระเกียรติสมเด็จย่า 100 ปี","0","0","0","0","0","0","0","0","0","0","0","0","0"
"11608  :  โรงพยาบาลลำทะเมนชัย","0","0","0","0","0","0","0","0","0","0","0","0","0"
"11885  :  โรงพยาบาลเดอะโกลเดนเกท","0","0","0","0","0","0","0","0","0","0","0","0","0"
"11891  :  โรงพยาบาลราชสีมาฮอสพิทอล","0","0","0","0","0","0","0","0","0","0","0","0","0"
"12267  :  ศูนย์อนามัยที่ 9 นครราชสีมา","0","0","0","0","0","0","0","0","0","0","0","0","0"
"12268  :  โรงพยาบาลจิตเวชนครราชสีมาราชนครินทร์","0","0","0","0","0","0","0","0","0","0","0","0","0"
"14161  :  โรงพยาบาลกองบิน กองบิน1","0","0","0","0","0","0","0","0","0","0","0","0","0"
"22456  :  โรงพยาบาลพระทองคำ เฉลิมพระเกียรติ 80 พรรษา","1","0","0","0","0","0","1","0","0","0","0","0","0"
"23839  :  โรงพยาบาลเทพรัตน์นครราชสีมา","0","0","0","0","0","0","0","0","0","0","0","0","0"
"24060  :  โรงพยาบาลมหาวิทยาลัยเทคโนโลยีสุรนารี","0","0","0","0","0","0","0","0","0","0","0","0","0"
"24692  :  โรงพยาบาลเฉลิมพระเกียรติ","0","0","0","0","0","0","0","0","0","0","0","0","0"
"27839  :  โรงพยาบาลบัวลาย","0","0","0","0","0","0","0","0","0","0","0","0","0"
"27840  :  โรงพยาบาลสีดา","2","0","0","0","2","0","0","0","0","0","0","0","0"
"27841  :  โรงพยาบาลเทพารักษ์","0","0","0","0","0","0","0","0","0","0","0","0","0"
"10667  :  โรงพยาบาลบุรีรัมย์","1","0","0","1","0","0","0","0","0","0","0","0","0"
"10895  :  โรงพยาบาลคูเมือง","3","0","1","2","0","0","0","0","0","0","0","0","0"
"10896  :  โรงพยาบาลกระสัง","3","3","0","0","0","0","0","0","0","0","0","0","0"
"10897  :  โรงพยาบาลนางรอง","0","0","0","0","0","0","0","0","0","0","0","0","0"
"10898  :  โรงพยาบาลหนองกี่","0","0","0","0","0","0","0","0","0","0","0","0","0"
"10899  :  โรงพยาบาลละหานทราย","1","0","1","0","0","0","0","0","0","0","0","0","0"
"10900  :  โรงพยาบาลประโคนชัย","0","0","0","0","0","0","0","0","0","0","0","0","0"
"10901  :  โรงพยาบาลบ้านกรวด","0","0","0","0","0","0","0","0","0","0","0","0","0"
"10902  :  โรงพยาบาลพุทไธสง","0","0","0","0","0","0","0","0","0","0","0","0","0"
"10904  :  โรงพยาบาลลำปลายมาศ","0","0","0","0","0","0","0","0","0","0","0","0","0"
"10905  :  โรงพยาบาลสตึก","1","0","0","1","0","0","0","0","0","0","0","0","0"
"10906  :  โรงพยาบาลปะคำ","3","0","1","2","0","0","0","0","0","0","0","0","0"
"10907  :  โรงพยาบาลนาโพธิ์","0","0","0","0","0","0","0","0","0","0","0","0","0"
"10908  :  โรงพยาบาลหนองหงส์","0","0","0","0","0","0","0","0","0","0","0","0","0"
"10909  :  โรงพยาบาลพลับพลาชัย","1","0","0","0","1","0","0","0","0","0","0","0","0"
"10910  :  โรงพยาบาลห้วยราช","0","0","0","0","0","0","0","0","0","0","0","0","0"
"10911  :  โรงพยาบาลโนนสุวรรณ","0","0","0","0","0","0","0","0","0","0","0","0","0"
"10912  :  โรงพยาบาลชำนิ","0","0","0","0","0","0","0","0","0","0","0","0","0"
"10913  :  โรงพยาบาลบ้านใหม่ไชยพจน์","0","0","0","0","0","0","0","0","0","0","0","0","0"
"10914  :  โรงพยาบาลโนนดินแดง","0","0","0","0","0","0","0","0","0","0","0","0","0"
"11493  :  โรงพยาบาลค่ายสมเด็จเจ้าพระยามหากษัตริย์ศึก","0","0","0","0","0","0","0","0","0","0","0","0","0"
"11619  :  โรงพยาบาลเฉลิมพระเกียรติ","0","0","0","0","0","0","0","0","0","0","0","0","0"
"23578  :  โรงพยาบาลแคนดง","0","0","0","0","0","0","0","0","0","0","0","0","0"
"28020  :  โรงพยาบาลบ้านด่าน","0","0","0","0","0","0","0","0","0","0","0","0","0"
"10668  :  โรงพยาบาลสุรินทร์","0","0","0","0","0","0","0","0","0","0","0","0","0"
"10915  :  โรงพยาบาลชุมพลบุรี","0","0","0","0","0","0","0","0","0","0","0","0","0"
"10916  :  โรงพยาบาลท่าตูม","0","0","0","0","0","0","0","0","0","0","0","0","0"
"10917  :  โรงพยาบาลจอมพระ","0","0","0","0","0","0","0","0","0","0","0","0","0"
"10918  :  โรงพยาบาลปราสาท","1","0","1","0","0","0","0","0","0","0","0","0","0"
"10919  :  โรงพยาบาลกาบเชิง","0","0","0","0","0","0","0","0","0","0","0","0","0"
"10920  :  โรงพยาบาลรัตนบุรี","0","0","0","0","0","0","0","0","0","0","0","0","0"
"10921  :  โรงพยาบาลสนม","0","0","0","0","0","0","0","0","0","0","0","0","0"
"10922  :  โรงพยาบาลศีขรภูมิ","0","0","0","0","0","0","0","0","0","0","0","0","0"
"10923  :  โรงพยาบาลสังขะ","0","0","0","0","0","0","0","0","0","0","0","0","0"
"10924  :  โรงพยาบาลลำดวน","0","0","0","0","0","0","0","0","0","0","0","0","0"
"10925  :  โรงพยาบาลสำโรงทาบ","0","0","0","0","0","0","0","0","0","0","0","0","0"
"10926  :  โรงพยาบาลบัวเชด","0","0","0","0","0","0","0","0","0","0","0","0","0"
"11494  :  โรงพยาบาลค่ายวีรวัฒน์โยธิน","0","0","0","0","0","0","0","0","0","0","0","0","0"
"22302  :  โรงพยาบาลพนมดงรัก เฉลิมพระเกียรติ 80 พรรษา","0","0","0","0","0","0","0","0","0","0","0","0","0"
"27842  :  โรงพยาบาลเขวาสินรินทร์","0","0","0","0","0","0","0","0","0","0","0","0","0"
"27843  :  โรงพยาบาลศรีณรงค์","0","0","0","0","0","0","0","0","0","0","0","0","0"
"27844  :  โรงพยาบาลโนนนารายณ์","0","0","0","0","0","0","0","0","0","0","0","0","0"
"10700  :  โรงพยาบาลศรีสะเกษ","0","0","0","0","0","0","0","0","0","0","0","0","0"
"10927  :  โรงพยาบาลยางชุมน้อย","0","0","0","0","0","0","0","0","0","0","0","0","0"
"10928  :  โรงพยาบาลกันทรารมย์","0","0","0","0","0","0","0","0","0","0","0","0","0"
"10929  :  โรงพยาบาลกันทรลักษ์","0","0","0","0","0","0","0","0","0","0","0","0","0"
"10930  :  โรงพยาบาลขุขันธ์","1","0","0","1","0","0","0","0","0","0","0","0","0"
"10931  :  โรงพยาบาลไพรบึง","0","0","0","0","0","0","0","0","0","0","0","0","0"
"10932  :  โรงพยาบาลปรางค์กู่","0","0","0","0","0","0","0","0","0","0","0","0","0"
"10933  :  โรงพยาบาลขุนหาญ","0","0","0","0","0","0","0","0","0","0","0","0","0"
"10934  :  โรงพยาบาลราษีไศล","0","0","0","0","0","0","0","0","0","0","0","0","0"
"10935  :  โรงพยาบาลอุทุมพรพิสัย","0","0","0","0","0","0","0","0","0","0","0","0","0"
"10936  :  โรงพยาบาลบึงบูรพ์","0","0","0","0","0","0","0","0","0","0","0","0","0"
"10937  :  โรงพยาบาลห้วยทับทัน","1","0","0","1","0","0","0","0","0","0","0","0","0"
"10938  :  โรงพยาบาลโนนคูณ","0","0","0","0","0","0","0","0","0","0","0","0","0"
"10939  :  โรงพยาบาลศรีรัตนะ","0","0","0","0","0","0","0","0","0","0","0","0","0"
"10940  :  โรงพยาบาลวังหิน","1","1","0","0","0","0","0","0","0","0","0","0","0"
"10941  :  โรงพยาบาลน้ำเกลี้ยง","0","0","0","0","0","0","0","0","0","0","0","0","0"
"10942  :  โรงพยาบาลภูสิงห์","1","0","0","0","1","0","0","0","0","0","0","0","0"
"10943  :  โรงพยาบาลเมืองจันทร์","0","0","0","0","0","0","0","0","0","0","0","0","0"
"23125  :  โรงพยาบาลเบญจลักษ์เฉลิมพระเกียรติ 80 พรรษา","0","0","0","0","0","0","0","0","0","0","0","0","0"
"28014  :  โรงพยาบาลพยุห์","0","0","0","0","0","0","0","0","0","0","0","0","0"
"28015  :  โรงพยาบาลโพธิ์ศรีสุวรรณ","0","0","0","0","0","0","0","0","0","0","0","0","0"
"28016  :  โรงพยาบาลศิลาลาด","0","0","0","0","0","0","0","0","0","0","0","0","0"
"10669  :  โรงพยาบาลสรรพสิทธิประสงค์","0","0","0","0","0","0","0","0","0","0","0","0","0"
"10944  :  โรงพยาบาลศรีเมืองใหม่","3","0","0","1","0","0","1","1","0","0","0","0","0"
"10945  :  โรงพยาบาลโขงเจียม","1","1","0","0","0","0","0","0","0","0","0","0","0"
"10946  :  โรงพยาบาลเขื่องใน","0","0","0","0","0","0","0","0","0","0","0","0","0"
"10947  :  โรงพยาบาลเขมราฐ","18","6","3","6","0","0","3","0","0","0","0","0","0"
"10948  :  โรงพยาบาลนาจะหลวย","0","0","0","0","0","0","0","0","0","0","0","0","0"
"10949  :  โรงพยาบาลน้ำยืน","3","0","2","1","0","0","0","0","0","0","0","0","0"
"10950  :  โรงพยาบาลบุณฑริก","7","0","1","0","1","4","1","0","0","0","0","0","0"
"10951  :  โรงพยาบาลตระการพืชผล","4","1","0","0","1","0","1","1","0","0","0","0","0"
"10952  :  โรงพยาบาลกุดข้าวปุ้น","8","1","7","0","0","0","0","0","0","0","0","0","0"
"10953  :  โรงพยาบาลม่วงสามสิบ","3","0","0","3","0","0","0","0","0","0","0","0","0"
"10954  :  โรงพยาบาลวารินชำราบ","0","0","0","0","0","0","0","0","0","0","0","0","0"
"10956  :  โรงพยาบาลพิบูลมังสาหาร","3","0","0","0","1","1","1","0","0","0","0","0","0"
"10957  :  โรงพยาบาลตาลสุม","0","0","0","0","0","0","0","0","0","0","0","0","0"
"10958  :  โรงพยาบาลโพธิ์ไทร","0","0","0","0","0","0","0","0","0","0","0","0","0"
"10959  :  โรงพยาบาลสำโรง","3","0","1","0","0","2","0","0","0","0","0","0","0"
"10960  :  โรงพยาบาลดอนมดแดง","0","0","0","0","0","0","0","0","0","0","0","0","0"
"10961  :  โรงพยาบาลสิรินธร","0","0","0","0","0","0","0","0","0","0","0","0","0"
"10962  :  โรงพยาบาลทุ่งศรีอุดม","0","0","0","0","0","0","0","0","0","0","0","0","0"
"11443  :  โรงพยาบาลสมเด็จพระยุพราชเดชอุดม","0","0","0","0","0","0","0","0","0","0","0","0","0"
"11495  :  โรงพยาบาลกองบิน 21","0","0","0","0","0","0","0","0","0","0","0","0","0"
"11496  :  โรงพยาบาลค่ายสรรพสิทธิประสงค์","1","0","1","0","0","0","0","0","0","0","0","0","0"
"11918  :  โรงพยาบาลเอกชนร่มเกล้า","0","0","0","0","0","0","0","0","0","0","0","0","0"
"12269  :  โรงพยาบาลพระศรีมหาโพธิ์","0","0","0","0","0","0","0","0","0","0","0","0","0"
"12270  :  โรงพยาบาลส่งเสริมสุขภาพ ศูนย์อนามัยที่ 10","0","0","0","0","0","0","0","0","0","0","0","0","0"
"21984  :  โรงพยาบาล 50 พรรษา มหาวชิราลงกรณ","0","0","0","0","0","0","0","0","0","0","0","0","0"
"24032  :  โรงพยาบาลนาตาล","0","0","0","0","0","0","0","0","0","0","0","0","0"
"24821  :  โรงพยาบาลนาเยีย","0","0","0","0","0","0","0","0","0","0","0","0","0"
"27967  :  โรงพยาบาลสว่างวีระวงศ์","0","0","0","0","0","0","0","0","0","0","0","0","0"
"27968  :  โรงพยาบาลน้ำขุ่น","0","0","0","0","0","0","0","0","0","0","0","0","0"
"27976  :  โรงพยาบาลเหล่าเสือโก้ก","0","0","0","0","0","0","0","0","0","0","0","0","0"
"10701  :  โรงพยาบาลยโสธร","0","0","0","0","0","0","0","0","0","0","0","0","0"
"10963  :  โรงพยาบาลทรายมูล","0","0","0","0","0","0","0","0","0","0","0","0","0"
"10964  :  โรงพยาบาลกุดชุม","0","0","0","0","0","0","0","0","0","0","0","0","0"
"10965  :  โรงพยาบาลคำเขื่อนแก้ว","0","0","0","0","0","0","0","0","0","0","0","0","0"
"10966  :  โรงพยาบาลป่าติ้ว","0","0","0","0","0","0","0","0","0","0","0","0","0"
"10967  :  โรงพยาบาลมหาชนะชัย","0","0","0","0","0","0","0","0","0","0","0","0","0"
"10968  :  โรงพยาบาลค้อวัง","0","0","0","0","0","0","0","0","0","0","0","0","0"
"10969  :  โรงพยาบาลไทยเจริญ","0","0","0","0","0","0","0","0","0","0","0","0","0"
"11444  :  โรงพยาบาลสมเด็จพระยุพราชเลิงนกทา","4","1","1","0","0","1","1","0","0","0","0","0","0"
"11921  :  โรงพยาบาลนายแพทย์หาญ","0","0","0","0","0","0","0","0","0","0","0","0","0"
"04007  :  โรงพยาบาลซับใหญ่","0","0","0","0","0","0","0","0","0","0","0","0","0"
"10702  :  โรงพยาบาลชัยภูมิ","1","0","1","0","0","0","0","0","0","0","0","0","0"
"10970  :  โรงพยาบาลบ้านเขว้า","0","0","0","0","0","0","0","0","0","0","0","0","0"
"10971  :  โรงพยาบาลคอนสวรรค์","4","0","0","3","1","0","0","0","0","0","0","0","0"
"10972  :  โรงพยาบาลเกษตรสมบูรณ์","0","0","0","0","0","0","0","0","0","0","0","0","0"
"10973  :  โรงพยาบาลหนองบัวแดง","2","2","0","0","0","0","0","0","0","0","0","0","0"
"10974  :  โรงพยาบาลจัตุรัส","1","1","0","0","0","0","0","0","0","0","0","0","0"
"10975  :  โรงพยาบาลบำเหน็จณรงค์","0","0","0","0","0","0","0","0","0","0","0","0","0"
"10976  :  โรงพยาบาลหนองบัวระเหว","0","0","0","0","0","0","0","0","0","0","0","0","0"
"10977  :  โรงพยาบาลเทพสถิต","0","0","0","0","0","0","0","0","0","0","0","0","0"
"10978  :  โรงพยาบาลภูเขียวเฉลิมพระเกียรติ","0","0","0","0","0","0","0","0","0","0","0","0","0"
"10979  :  โรงพยาบาลบ้านแท่น","0","0","0","0","0","0","0","0","0","0","0","0","0"
"10980  :  โรงพยาบาลแก้งคร้อ","1","0","0","0","0","0","0","0","1","0","0","0","0"
"10981  :  โรงพยาบาลคอนสาร","0","0","0","0","0","0","0","0","0","0","0","0","0"
"10982  :  โรงพยาบาลภักดีชุมพล","0","0","0","0","0","0","0","0","0","0","0","0","0"
"10983  :  โรงพยาบาลเนินสง่า","0","0","0","0","0","0","0","0","0","0","0","0","0"
"10703  :  โรงพยาบาลอำนาจเจริญ","1","0","0","0","0","0","1","0","0","0","0","0","0"
"10985  :  โรงพยาบาลชานุมาน","0","0","0","0","0","0","0","0","0","0","0","0","0"
"10986  :  โรงพยาบาลปทุมราชวงศา","0","0","0","0","0","0","0","0","0","0","0","0","0"
"10987  :  โรงพยาบาลพนา","0","0","0","0","0","0","0","0","0","0","0","0","0"
"10988  :  โรงพยาบาลเสนางคนิคม","0","0","0","0","0","0","0","0","0","0","0","0","0"
"10989  :  โรงพยาบาลหัวตะพาน","0","0","0","0","0","0","0","0","0","0","0","0","0"
"10990  :  โรงพยาบาลลืออำนาจ","0","0","0","0","0","0","0","0","0","0","0","0","0"
"11040  :  โรงพยาบาลบึงกาฬ","0","0","0","0","0","0","0","0","0","0","0","0","0"
"11041  :  โรงพยาบาลพรเจริญ","0","0","0","0","0","0","0","0","0","0","0","0","0"
"11043  :  โรงพยาบาลโซ่พิสัย","1","0","0","0","0","1","0","0","0","0","0","0","0"
"11046  :  โรงพยาบาลเซกา","0","0","0","0","0","0","0","0","0","0","0","0","0"
"11047  :  โรงพยาบาลปากคาด","0","0","0","0","0","0","0","0","0","0","0","0","0"
"11048  :  โรงพยาบาลบึงโขงหลง","8","0","1","2","4","0","0","1","0","0","0","0","0"
"11049  :  โรงพยาบาลศรีวิไล","0","0","0","0","0","0","0","0","0","0","0","0","0"
"11050  :  โรงพยาบาลบุ่งคล้า","0","0","0","0","0","0","0","0","0","0","0","0","0"
"10704  :  โรงพยาบาลหนองบัวลำภู","0","0","0","0","0","0","0","0","0","0","0","0","0"
"10991  :  โรงพยาบาลนากลาง","1","0","0","0","0","1","0","0","0","0","0","0","0"
"10992  :  โรงพยาบาลโนนสัง","0","0","0","0","0","0","0","0","0","0","0","0","0"
"10993  :  โรงพยาบาลศรีบุญเรือง","0","0","0","0","0","0","0","0","0","0","0","0","0"
"10994  :  โรงพยาบาลสุวรรณคูหา","2","0","0","0","1","0","0","0","1","0","0","0","0"
"23367  :  โรงพยาบาลนาวัง เฉลิมพระเกียรติ 80 พรรษา","0","0","0","0","0","0","0","0","0","0","0","0","0"
"10670  :  โรงพยาบาลขอนแก่น","0","0","0","0","0","0","0","0","0","0","0","0","0"
"10995  :  โรงพยาบาลบ้านฝาง","0","0","0","0","0","0","0","0","0","0","0","0","0"
"10996  :  โรงพยาบาลพระยืน","0","0","0","0","0","0","0","0","0","0","0","0","0"
"10997  :  โรงพยาบาลหนองเรือ","0","0","0","0","0","0","0","0","0","0","0","0","0"
"10998  :  โรงพยาบาลชุมแพ","4","1","1","1","0","1","0","0","0","0","0","0","0"
"10999  :  โรงพยาบาลสีชมพู","0","0","0","0","0","0","0","0","0","0","0","0","0"
"11000  :  โรงพยาบาลน้ำพอง","0","0","0","0","0","0","0","0","0","0","0","0","0"
"11001  :  โรงพยาบาลอุบลรัตน์","0","0","0","0","0","0","0","0","0","0","0","0","0"
"11002  :  โรงพยาบาลบ้านไผ่","0","0","0","0","0","0","0","0","0","0","0","0","0"
"11003  :  โรงพยาบาลเปือยน้อย","0","0","0","0","0","0","0","0","0","0","0","0","0"
"11004  :  โรงพยาบาลพล","1","0","0","1","0","0","0","0","0","0","0","0","0"
"11005  :  โรงพยาบาลแวงใหญ่","0","0","0","0","0","0","0","0","0","0","0","0","0"
"11006  :  โรงพยาบาลแวงน้อย","0","0","0","0","0","0","0","0","0","0","0","0","0"
"11007  :  โรงพยาบาลหนองสองห้อง","2","0","1","0","0","0","0","1","0","0","0","0","0"
"11008  :  โรงพยาบาลภูเวียง","0","0","0","0","0","0","0","0","0","0","0","0","0"
"11009  :  โรงพยาบาลมัญจาคีรี","0","0","0","0","0","0","0","0","0","0","0","0","0"
"11010  :  โรงพยาบาลชนบท","0","0","0","0","0","0","0","0","0","0","0","0","0"
"11011  :  โรงพยาบาลเขาสวนกวาง","0","0","0","0","0","0","0","0","0","0","0","0","0"
"11012  :  โรงพยาบาลภูผาม่าน","0","0","0","0","0","0","0","0","0","0","0","0","0"
"11445  :  โรงพยาบาลสมเด็จพระยุพราชกระนวน","0","0","0","0","0","0","0","0","0","0","0","0","0"
"11497  :  โรงพยาบาลค่ายศรีพัชรินทร","0","0","0","0","0","0","0","0","0","0","0","0","0"
"11936  :  โรงพยาบาลขอนแก่นราม","0","0","0","0","0","0","0","0","0","0","0","0","0"
"12272  :  โรงพยาบาลจิตเวชขอนแก่นราชนครินทร์","0","0","0","0","0","0","0","0","0","0","0","0","0"
"12273  :  โรงพยาบาลส่งเสริมสุขภาพ ศูนย์อนามัยที่ 7","0","0","0","0","0","0","0","0","0","0","0","0","0"
"12275  :  โรงพยาบาลสิรินธร(ภาคตะวันออกเฉียงเหนือ)","0","0","0","0","0","0","0","0","0","0","0","0","0"
"13777  :  โรงพยาบาลศรีนครินทร์ มหาวิทยาลัยขอนแก่น","0","0","0","0","0","0","0","0","0","0","0","0","0"
"14132  :  โรงพยาบาลซำสูง","0","0","0","0","0","0","0","0","0","0","0","0","0"
"14196  :  โรงพยาบาลธัญญรักษ์ขอนแก่น","0","0","0","0","0","0","0","0","0","0","0","0","0"
"24746  :  สถาบันสุขภาพจิตเด็กและวัยรุ่นภาคตะวันออกเฉียงเหนือ","0","0","0","0","0","0","0","0","0","0","0","0","0"
"77649  :  โรงพยาบาลหนองนาคำ","0","0","0","0","0","0","0","0","0","0","0","0","0"
"77650  :  โรงพยาบาลเวียงเก่า","0","0","0","0","0","0","0","0","0","0","0","0","0"
"77651  :  โรงพยาบาลโคกโพธิ์ไชย","0","0","0","0","0","0","0","0","0","0","0","0","0"
"77652  :  โรงพยาบาลโนนศิลา","0","0","0","0","0","0","0","0","0","0","0","0","0"
"10671  :  โรงพยาบาลอุดรธานี","4","0","1","3","0","0","0","0","0","0","0","0","0"
"11013  :  โรงพยาบาลกุดจับ","0","0","0","0","0","0","0","0","0","0","0","0","0"
"11014  :  โรงพยาบาลหนองวัวซอ","0","0","0","0","0","0","0","0","0","0","0","0","0"
"11015  :  โรงพยาบาลกุมภวาปี","6","1","3","0","1","1","0","0","0","0","0","0","0"
"11016  :  โรงพยาบาลห้วยเกิ้ง","0","0","0","0","0","0","0","0","0","0","0","0","0"
"11017  :  โรงพยาบาลโนนสะอาด","0","0","0","0","0","0","0","0","0","0","0","0","0"
"11018  :  โรงพยาบาลหนองหาน","0","0","0","0","0","0","0","0","0","0","0","0","0"
"11019  :  โรงพยาบาลทุ่งฝน","0","0","0","0","0","0","0","0","0","0","0","0","0"
"11020  :  โรงพยาบาลไชยวาน","0","0","0","0","0","0","0","0","0","0","0","0","0"
"11021  :  โรงพยาบาลศรีธาตุ","0","0","0","0","0","0","0","0","0","0","0","0","0"
"11022  :  โรงพยาบาลวังสามหมอ","2","0","0","1","0","0","1","0","0","0","0","0","0"
"11023  :  โรงพยาบาลบ้านผือ","1","0","0","1","0","0","0","0","0","0","0","0","0"
"11024  :  โรงพยาบาลน้ำโสม","0","0","0","0","0","0","0","0","0","0","0","0","0"
"11025  :  โรงพยาบาลเพ็ญ","0","0","0","0","0","0","0","0","0","0","0","0","0"
"11026  :  โรงพยาบาลสร้างคอม","0","0","0","0","0","0","0","0","0","0","0","0","0"
"11027  :  โรงพยาบาลหนองแสง","0","0","0","0","0","0","0","0","0","0","0","0","0"
"11028  :  โรงพยาบาลนายูง","0","0","0","0","0","0","0","0","0","0","0","0","0"
"11029  :  โรงพยาบาลพิบูลย์รักษ์","0","0","0","0","0","0","0","0","0","0","0","0","0"
"11446  :  โรงพยาบาลสมเด็จพระยุพราชบ้านดุง","0","0","0","0","0","0","0","0","0","0","0","0","0"
"11501  :  โรงพยาบาลค่ายประจักษ์ศิลปาคม","4","0","3","1","0","0","0","0","0","0","0","0","0"
"12276  :  โรงพยาบาลมะเร็งอุดรธานี","0","0","0","0","0","0","0","0","0","0","0","0","0"
"23951  :  โรงพยาบาลธัญญารักษ์อุดรธานี","0","0","0","0","0","0","0","0","0","0","0","0","0"
"25058  :  โรงพยาบาลกู่แก้ว","0","0","0","0","0","0","0","0","0","0","0","0","0"
"25059  :  โรงพยาบาลประจักษ์ศิลปาคม","0","0","0","0","0","0","0","0","0","0","0","0","0"
"10705  :  โรงพยาบาลเลย","0","0","0","0","0","0","0","0","0","0","0","0","0"
"11030  :  โรงพยาบาลนาด้วง","0","0","0","0","0","0","0","0","0","0","0","0","0"
"11031  :  โรงพยาบาลเชียงคาน","0","0","0","0","0","0","0","0","0","0","0","0","0"
"11032  :  โรงพยาบาลปากชม","0","0","0","0","0","0","0","0","0","0","0","0","0"
"11033  :  โรงพยาบาลนาแห้ว","0","0","0","0","0","0","0","0","0","0","0","0","0"
"11034  :  โรงพยาบาลภูเรือ","0","0","0","0","0","0","0","0","0","0","0","0","0"
"11035  :  โรงพยาบาลท่าลี่","0","0","0","0","0","0","0","0","0","0","0","0","0"
"11036  :  โรงพยาบาลวังสะพุง","5","0","0","3","2","0","0","0","0","0","0","0","0"
"11037  :  โรงพยาบาลภูกระดึง","2","2","0","0","0","0","0","0","0","0","0","0","0"
"11038  :  โรงพยาบาลภูหลวง","0","0","0","0","0","0","0","0","0","0","0","0","0"
"11039  :  โรงพยาบาลผาขาว","0","0","0","0","0","0","0","0","0","0","0","0","0"
"11447  :  โรงพยาบาลสมเด็จพระยุพราชด่านซ้าย","17","2","6","1","2","2","2","2","0","0","0","0","0"
"14133  :  โรงพยาบาลเอราวัณ","0","0","0","0","0","0","0","0","0","0","0","0","0"
"14644  :  โรงพยาบาลจิตเวชเลยราชนครินทร์","0","0","0","0","0","0","0","0","0","0","0","0","0"
"28861  :  โรงพยาบาลหนองหิน","1","0","0","0","0","1","0","0","0","0","0","0","0"
"10706  :  โรงพยาบาลหนองคาย","2","1","0","0","0","1","0","0","0","0","0","0","0"
"11042  :  โรงพยาบาลโพนพิสัย","2","1","1","0","0","0","0","0","0","0","0","0","0"
"11044  :  โรงพยาบาลศรีเชียงใหม่","0","0","0","0","0","0","0","0","0","0","0","0","0"
"11045  :  โรงพยาบาลสังคม","0","0","0","0","0","0","0","0","0","0","0","0","0"
"11448  :  โรงพยาบาลสมเด็จพระยุพราชท่าบ่อ","0","0","0","0","0","0","0","0","0","0","0","0","0"
"14558  :  โรงพยาบาลพิสัยเวช","0","0","0","0","0","0","0","0","0","0","0","0","0"
"21356  :  โรงพยาบาลสระใคร","0","0","0","0","0","0","0","0","0","0","0","0","0"
"28778  :  โรงพยาบาลโพธิ์ตาก","0","0","0","0","0","0","0","0","0","0","0","0","0"
"28811  :  โรงพยาบาลเฝ้าไร่","0","0","0","0","0","0","0","0","0","0","0","0","0"
"28815  :  โรงพยาบาลรัตนวาปี","0","0","0","0","0","0","0","0","0","0","0","0","0"
"10707  :  โรงพยาบาลมหาสารคาม","8","3","1","0","0","3","1","0","0","0","0","0","0"
"11051  :  โรงพยาบาลแกดำ","0","0","0","0","0","0","0","0","0","0","0","0","0"
"11052  :  โรงพยาบาลโกสุมพิสัย","3","2","0","1","0","0","0","0","0","0","0","0","0"
"11053  :  โรงพยาบาลกันทรวิชัย","0","0","0","0","0","0","0","0","0","0","0","0","0"
"11054  :  โรงพยาบาลเชียงยืน","0","0","0","0","0","0","0","0","0","0","0","0","0"
"11055  :  โรงพยาบาลบรบือ","5","0","1","0","4","0","0","0","0","0","0","0","0"
"11056  :  โรงพยาบาลนาเชือก","2","0","2","0","0","0","0","0","0","0","0","0","0"
"11057  :  โรงพยาบาลพยัคฆภูมิพิสัย","0","0","0","0","0","0","0","0","0","0","0","0","0"
"11058  :  โรงพยาบาลวาปีปทุม","0","0","0","0","0","0","0","0","0","0","0","0","0"
"11059  :  โรงพยาบาลนาดูน","0","0","0","0","0","0","0","0","0","0","0","0","0"
"11060  :  โรงพยาบาลยางสีสุราช","0","0","0","0","0","0","0","0","0","0","0","0","0"
"22953  :  โรงพยาบาลสุทธาเวช คณะแพทยศาสตร์ มหาวิทยาลัยมหาสารคาม","0","0","0","0","0","0","0","0","0","0","0","0","0"
"24704  :  โรงพยาบาลกุดรัง","0","0","0","0","0","0","0","0","0","0","0","0","0"
"28843  :  โรงพยาบาลชื่นชม","0","0","0","0","0","0","0","0","0","0","0","0","0"
"10708  :  โรงพยาบาลร้อยเอ็ด","0","0","0","0","0","0","0","0","0","0","0","0","0"
"11061  :  โรงพยาบาลเกษตรวิสัย","0","0","0","0","0","0","0","0","0","0","0","0","0"
"11062  :  โรงพยาบาลปทุมรัตต์","0","0","0","0","0","0","0","0","0","0","0","0","0"
"11063  :  โรงพยาบาลจตุรพักตรพิมาน","0","0","0","0","0","0","0","0","0","0","0","0","0"
"11064  :  โรงพยาบาลธวัชบุรี","0","0","0","0","0","0","0","0","0","0","0","0","0"
"11065  :  โรงพยาบาลพนมไพร","1","0","1","0","0","0","0","0","0","0","0","0","0"
"11066  :  โรงพยาบาลโพนทอง","13","1","3","2","3","0","4","0","0","0","0","0","0"
"11067  :  โรงพยาบาลโพธิ์ชัย","1","0","0","0","1","0","0","0","0","0","0","0","0"
"11068  :  โรงพยาบาลหนองพอก","0","0","0","0","0","0","0","0","0","0","0","0","0"
"11069  :  โรงพยาบาลเสลภูมิ","0","0","0","0","0","0","0","0","0","0","0","0","0"
"11070  :  โรงพยาบาลสุวรรณภูมิ","2","2","0","0","0","0","0","0","0","0","0","0","0"
"11071  :  โรงพยาบาลเมืองสรวง","0","0","0","0","0","0","0","0","0","0","0","0","0"
"11072  :  โรงพยาบาลโพนทราย","0","0","0","0","0","0","0","0","0","0","0","0","0"
"11073  :  โรงพยาบาลอาจสามารถ","0","0","0","0","0","0","0","0","0","0","0","0","0"
"11074  :  โรงพยาบาลเมยวดี","0","0","0","0","0","0","0","0","0","0","0","0","0"
"11075  :  โรงพยาบาลศรีสมเด็จ","0","0","0","0","0","0","0","0","0","0","0","0","0"
"11076  :  โรงพยาบาลจังหาร","0","0","0","0","0","0","0","0","0","0","0","0","0"
"11504  :  โรงพยาบาลค่ายสมเด็จพระพุทธยอดฟ้าจุฬาโลกมหาราช","0","0","0","0","0","0","0","0","0","0","0","0","0"
"11964  :  โรงพยาบาลทั่วไปขนาดใหญ่จุรีเวช","0","0","0","0","0","0","0","0","0","0","0","0","0"
"27988  :  โรงพยาบาลทุ่งเขาหลวง","0","0","0","0","0","0","0","0","0","0","0","0","0"
"27989  :  โรงพยาบาลเชียงขวัญ","0","0","0","0","0","0","0","0","0","0","0","0","0"
"27990  :  โรงพยาบาลหนองฮี","0","0","0","0","0","0","0","0","0","0","0","0","0"
"10709  :  โรงพยาบาลกาฬสินธุ์","0","0","0","0","0","0","0","0","0","0","0","0","0"
"11077  :  โรงพยาบาลนามน","0","0","0","0","0","0","0","0","0","0","0","0","0"
"11078  :  โรงพยาบาลกมลาไสย","1","1","0","0","0","0","0","0","0","0","0","0","0"
"11079  :  โรงพยาบาลร่องคำ","0","0","0","0","0","0","0","0","0","0","0","0","0"
"11080  :  โรงพยาบาลเขาวง","0","0","0","0","0","0","0","0","0","0","0","0","0"
"11081  :  โรงพยาบาลยางตลาด","0","0","0","0","0","0","0","0","0","0","0","0","0"
"11082  :  โรงพยาบาลห้วยเม็ก","0","0","0","0","0","0","0","0","0","0","0","0","0"
"11083  :  โรงพยาบาลสหัสขันธ์","0","0","0","0","0","0","0","0","0","0","0","0","0"
"11084  :  โรงพยาบาลคำม่วง","0","0","0","0","0","0","0","0","0","0","0","0","0"
"11085  :  โรงพยาบาลท่าคันโท","1","1","0","0","0","0","0","0","0","0","0","0","0"
"11086  :  โรงพยาบาลหนองกุงศรี","0","0","0","0","0","0","0","0","0","0","0","0","0"
"11087  :  โรงพยาบาลสมเด็จ","2","0","0","0","0","0","0","0","2","0","0","0","0"
"11088  :  โรงพยาบาลห้วยผึ้ง","0","0","0","0","0","0","0","0","0","0","0","0","0"
"11449  :  โรงพยาบาลสมเด็จพระยุพราชกุฉินารายณ์","0","0","0","0","0","0","0","0","0","0","0","0","0"
"11965  :  โรงพยาบาลธีรวัฒน์","0","0","0","0","0","0","0","0","0","0","0","0","0"
"28017  :  โรงพยาบาลนาคู","0","0","0","0","0","0","0","0","0","0","0","0","0"
"28789  :  โรงพยาบาลฆ้องชัย","0","0","0","0","0","0","0","0","0","0","0","0","0"
"28790  :  โรงพยาบาลดอนจาน","0","0","0","0","0","0","0","0","0","0","0","0","0"
"28791  :  โรงพยาบาลสามชัย","0","0","0","0","0","0","0","0","0","0","0","0","0"
"10710  :  โรงพยาบาลสกลนคร","0","0","0","0","0","0","0","0","0","0","0","0","0"
"11089  :  โรงพยาบาลกุสุมาลย์","1","1","0","0","0","0","0","0","0","0","0","0","0"
"11090  :  โรงพยาบาลกุดบาก","0","0","0","0","0","0","0","0","0","0","0","0","0"
"11091  :  โรงพยาบาลพระอาจารย์ฝั้นอาจาโร","0","0","0","0","0","0","0","0","0","0","0","0","0"
"11092  :  โรงพยาบาลพังโคน","0","0","0","0","0","0","0","0","0","0","0","0","0"
"11093  :  โรงพยาบาลวาริชภูมิ","3","0","0","0","0","3","0","0","0","0","0","0","0"
"11094  :  โรงพยาบาลนิคมน้ำอูน","0","0","0","0","0","0","0","0","0","0","0","0","0"
"11095  :  โรงพยาบาลวานรนิวาส","0","0","0","0","0","0","0","0","0","0","0","0","0"
"11096  :  โรงพยาบาลคำตากล้า","0","0","0","0","0","0","0","0","0","0","0","0","0"
"11097  :  โรงพยาบาลบ้านม่วง","3","0","1","0","0","1","0","1","0","0","0","0","0"
"11098  :  โรงพยาบาลอากาศอำนวย","0","0","0","0","0","0","0","0","0","0","0","0","0"
"11099  :  โรงพยาบาลส่องดาว","0","0","0","0","0","0","0","0","0","0","0","0","0"
"11100  :  โรงพยาบาลเต่างอย","0","0","0","0","0","0","0","0","0","0","0","0","0"
"11101  :  โรงพยาบาลโคกศรีสุพรรณ","0","0","0","0","0","0","0","0","0","0","0","0","0"
"11102  :  โรงพยาบาลเจริญศิลป์","1","1","0","0","0","0","0","0","0","0","0","0","0"
"11103  :  โรงพยาบาลโพนนาแก้ว","0","0","0","0","0","0","0","0","0","0","0","0","0"
"11450  :  โรงพยาบาลสมเด็จพระยุพราชสว่างแดนดิน","14","4","3","1","1","1","2","1","1","0","0","0","0"
"11505  :  โรงพยาบาลค่ายกฤษณ์สีวะรา","0","0","0","0","0","0","0","0","0","0","0","0","0"
"21323  :  โรงพยาบาลพระอาจารย์แบน  ธนากโร","1","0","0","1","0","0","0","0","0","0","0","0","0"
"24976  :  โรงพยาบาลการแพทย์แผนไทยสกลนคร หลวงปู่แฟ๊ป สุภัทโท","0","0","0","0","0","0","0","0","0","0","0","0","0"
"10711  :  โรงพยาบาลนครพนม","0","0","0","0","0","0","0","0","0","0","0","0","0"
"11104  :  โรงพยาบาลปลาปาก","0","0","0","0","0","0","0","0","0","0","0","0","0"
"11105  :  โรงพยาบาลท่าอุเทน","0","0","0","0","0","0","0","0","0","0","0","0","0"
"11106  :  โรงพยาบาลบ้านแพง","3","0","0","3","0","0","0","0","0","0","0","0","0"
"11107  :  โรงพยาบาลนาทม","0","0","0","0","0","0","0","0","0","0","0","0","0"
"11108  :  โรงพยาบาลเรณูนคร","0","0","0","0","0","0","0","0","0","0","0","0","0"
"11109  :  โรงพยาบาลนาแก","0","0","0","0","0","0","0","0","0","0","0","0","0"
"11110  :  โรงพยาบาลศรีสงคราม","0","0","0","0","0","0","0","0","0","0","0","0","0"
"11111  :  โรงพยาบาลนาหว้า","0","0","0","0","0","0","0","0","0","0","0","0","0"
"11112  :  โรงพยาบาลโพนสวรรค์","0","0","0","0","0","0","0","0","0","0","0","0","0"
"11451  :  โรงพยาบาลสมเด็จพระยุพราชธาตุพนม","7","0","2","2","1","0","2","0","0","0","0","0","0"
"12277  :  โรงพยาบาลจิตเวชนครพนมราชนครินทร์","0","0","0","0","0","0","0","0","0","0","0","0","0"
"40840  :  โรงพยาบาลวังยาง","0","0","0","0","0","0","0","0","0","0","0","0","0"
"10712  :  โรงพยาบาลมุกดาหาร","0","0","0","0","0","0","0","0","0","0","0","0","0"
"11113  :  โรงพยาบาลนิคมคำสร้อย","1","0","0","0","0","1","0","0","0","0","0","0","0"
"11114  :  โรงพยาบาลดอนตาล","0","0","0","0","0","0","0","0","0","0","0","0","0"
"11115  :  โรงพยาบาลดงหลวง","0","0","0","0","0","0","0","0","0","0","0","0","0"
"11116  :  โรงพยาบาลคำชะอี","0","0","0","0","0","0","0","0","0","0","0","0","0"
"11117  :  โรงพยาบาลหว้านใหญ่","0","0","0","0","0","0","0","0","0","0","0","0","0"
"11118  :  โรงพยาบาลหนองสูง","0","0","0","0","0","0","0","0","0","0","0","0","0"
"06009  :  โรงพยาบาลแม่ตื่น","0","0","0","0","0","0","0","0","0","0","0","0","0"
"10713  :  โรงพยาบาลนครพิงค์","19","1","1","4","5","2","4","2","0","0","0","0","0"
"11119  :  โรงพยาบาลจอมทอง","2","0","0","0","2","0","0","0","0","0","0","0","0"
"11120  :  โรงพยาบาลเทพรัตนเวชชานุกูล เฉลิมพระเกียรติ ๖๐ พรรษา","0","0","0","0","0","0","0","0","0","0","0","0","0"
"11121  :  โรงพยาบาลเชียงดาว","0","0","0","0","0","0","0","0","0","0","0","0","0"
"11122  :  โรงพยาบาลดอยสะเก็ด","29","4","5","12","3","2","3","0","0","0","0","0","0"
"11123  :  โรงพยาบาลแม่แตง","17","6","4","3","3","0","1","0","0","0","0","0","0"
"11124  :  โรงพยาบาลสะเมิง","0","0","0","0","0","0","0","0","0","0","0","0","0"
"11125  :  โรงพยาบาลฝาง","0","0","0","0","0","0","0","0","0","0","0","0","0"
"11126  :  โรงพยาบาลแม่อาย","0","0","0","0","0","0","0","0","0","0","0","0","0"
"11127  :  โรงพยาบาลพร้าว","0","0","0","0","0","0","0","0","0","0","0","0","0"
"11128  :  โรงพยาบาลสันป่าตอง","2","0","0","0","0","1","0","1","0","0","0","0","0"
"11129  :  โรงพยาบาลสันกำแพง","1","1","0","0","0","0","0","0","0","0","0","0","0"
"11130  :  โรงพยาบาลสันทราย","206","46","50","46","23","10","16","11","4","0","0","0","0"
"11131  :  โรงพยาบาลหางดง","20","4","12","4","0","0","0","0","0","0","0","0","0"
"11132  :  โรงพยาบาลฮอด","0","0","0","0","0","0","0","0","0","0","0","0","0"
"11133  :  โรงพยาบาลดอยเต่า","0","0","0","0","0","0","0","0","0","0","0","0","0"
"11134  :  โรงพยาบาลอมก๋อย","0","0","0","0","0","0","0","0","0","0","0","0","0"
"11135  :  โรงพยาบาลสารภี","63","10","16","16","7","6","6","2","0","0","0","0","0"
"11136  :  โรงพยาบาลเวียงแหง","33","6","13","11","3","0","0","0","0","0","0","0","0"
"11137  :  โรงพยาบาลไชยปราการ","1","0","0","0","0","0","1","0","0","0","0","0","0"
"11138  :  โรงพยาบาลแม่วาง","0","0","0","0","0","0","0","0","0","0","0","0","0"
"11139  :  โรงพยาบาลแม่ออน","6","2","0","0","0","1","3","0","0","0","0","0","0"
"11507  :  โรงพยาบาลกองบิน 41","0","0","0","0","0","0","0","0","0","0","0","0","0"
"11508  :  โรงพยาบาลค่ายกาวิละ เชียงใหม่","0","0","0","0","0","0","0","0","0","0","0","0","0"
"11643  :  โรงพยาบาลดอยหล่อ","2","0","0","0","1","1","0","0","0","0","0","0","0"
"11978  :  โรงพยาบาลดารารัศมี","0","0","0","0","0","0","0","0","0","0","0","0","0"
"11992  :  โรงพยาบาลเทพปัญญา 2 โรงพยาบาลทั่วไปขนาดกลาง","0","0","0","0","0","0","0","0","0","0","0","0","0"
"11995  :  โรงพยาบาลทั่วไปขนาดใหญ่เซ็นทรัลเชียงใหม่ เมโมเรียล","0","0","0","0","0","0","0","0","0","0","0","0","0"
"11999  :  โรงพยาบาลทั่วไปขนาดใหญ่เชียงใหม่เมดิคอลเซ็นเตอร์","0","0","0","0","0","0","0","0","0","0","0","0","0"
"12279  :  โรงพยาบาลส่งเสริมสุขภาพ ศูนย์อนามัยที่ 1","91","13","18","19","14","14","11","2","0","0","0","0","0"
"12280  :  โรงพยาบาลสวนปรุง","0","0","0","0","0","0","0","0","0","0","0","0","0"
"12281  :  โรงพยาบาลประสาทเชียงใหม่","0","0","0","0","0","0","0","0","0","0","0","0","0"
"13775  :  สถาบันพัฒนาการเด็กราชนครินทร์","0","0","0","0","0","0","0","0","0","0","0","0","0"
"13780  :  โรงพยาบาลมหาราชนครเชียงใหม่  มหาวิทยาลัยเชียงใหม่","0","0","0","0","0","0","0","0","0","0","0","0","0"
"13785  :  โรงพยาบาลธัญญารักษ์เชียงใหม่","0","0","0","0","0","0","0","0","0","0","0","0","0"
"14550  :  โรงพยาบาลทั่วไปขนาดใหญ่ เชียงใหม่ใกล้หมอ","14","2","4","0","3","4","0","1","0","0","0","0","0"
"14916  :  โรงพยาบาลทั่วไปขนาดกลางเชียงใหม่ฮอสพิทอล","0","0","0","0","0","0","0","0","0","0","0","0","0"
"23736  :  โรงพยาบาลวัดจันทร์ เฉลิมพระเกียรติ 80 พรรษา","0","0","0","0","0","0","0","0","0","0","0","0","0"
"10714  :  โรงพยาบาลลำพูน","0","0","0","0","0","0","0","0","0","0","0","0","0"
"11140  :  โรงพยาบาลแม่ทา","0","0","0","0","0","0","0","0","0","0","0","0","0"
"11141  :  โรงพยาบาลบ้านโฮ่ง","0","0","0","0","0","0","0","0","0","0","0","0","0"
"11142  :  โรงพยาบาลลี้","0","0","0","0","0","0","0","0","0","0","0","0","0"
"11143  :  โรงพยาบาลทุ่งหัวช้าง","0","0","0","0","0","0","0","0","0","0","0","0","0"
"11144  :  โรงพยาบาลป่าซาง","5","3","1","0","1","0","0","0","0","0","0","0","0"
"11145  :  โรงพยาบาลบ้านธิ","7","2","1","0","0","2","0","2","0","0","0","0","0"
"12000  :  โรงพยาบาลหริภุญชัยเมโมเรียล","0","0","0","0","0","0","0","0","0","0","0","0","0"
"14555  :  โรงพยาบาลทั่วไปขนาดกลางศิริเวช ลำพูน","0","0","0","0","0","0","0","0","0","0","0","0","0"
"24956  :  โรงพยาบาลเวียงหนองล่อง","0","0","0","0","0","0","0","0","0","0","0","0","0"
"10672  :  โรงพยาบาลลำปาง","45","11","6","4","7","8","1","8","0","0","0","0","0"
"11146  :  โรงพยาบาลแม่เมาะ","0","0","0","0","0","0","0","0","0","0","0","0","0"
"11147  :  โรงพยาบาลเกาะคา","0","0","0","0","0","0","0","0","0","0","0","0","0"
"11148  :  โรงพยาบาลเสริมงาม","0","0","0","0","0","0","0","0","0","0","0","0","0"
"11149  :  โรงพยาบาลงาว","1","0","0","1","0","0","0","0","0","0","0","0","0"
"11150  :  โรงพยาบาลแจ้ห่ม","0","0","0","0","0","0","0","0","0","0","0","0","0"
"11151  :  โรงพยาบาลวังเหนือ","0","0","0","0","0","0","0","0","0","0","0","0","0"
"11152  :  โรงพยาบาลเถิน","2","0","1","0","0","1","0","0","0","0","0","0","0"
"11153  :  โรงพยาบาลแม่พริก","0","0","0","0","0","0","0","0","0","0","0","0","0"
"11154  :  โรงพยาบาลแม่ทะ","0","0","0","0","0","0","0","0","0","0","0","0","0"
"11155  :  โรงพยาบาลสบปราบ","0","0","0","0","0","0","0","0","0","0","0","0","0"
"11156  :  โรงพยาบาลห้างฉัตร","0","0","0","0","0","0","0","0","0","0","0","0","0"
"11157  :  โรงพยาบาลเมืองปาน","0","0","0","0","0","0","0","0","0","0","0","0","0"
"11512  :  โรงพยาบาลค่ายสุรศักดิ์มนตรี","0","0","0","0","0","0","0","0","0","0","0","0","0"
"12283  :  โรงพยาบาลมะเร็งลำปาง","0","0","0","0","0","0","0","0","0","0","0","0","0"
"10673  :  โรงพยาบาลอุตรดิตถ์","0","0","0","0","0","0","0","0","0","0","0","0","0"
"11158  :  โรงพยาบาลตรอน","0","0","0","0","0","0","0","0","0","0","0","0","0"
"11159  :  โรงพยาบาลท่าปลา","1","0","0","0","0","0","1","0","0","0","0","0","0"
"11160  :  โรงพยาบาลน้ำปาด","0","0","0","0","0","0","0","0","0","0","0","0","0"
"11161  :  โรงพยาบาลฟากท่า","0","0","0","0","0","0","0","0","0","0","0","0","0"
"11162  :  โรงพยาบาลบ้านโคก","1","0","1","0","0","0","0","0","0","0","0","0","0"
"11163  :  โรงพยาบาลพิชัย","0","0","0","0","0","0","0","0","0","0","0","0","0"
"11164  :  โรงพยาบาลลับแล","0","0","0","0","0","0","0","0","0","0","0","0","0"
"11165  :  โรงพยาบาลทองแสนขัน","2","1","0","0","0","0","1","0","0","0","0","0","0"
"11509  :  โรงพยาบาลค่ายพิชัยดาบหัก","0","0","0","0","0","0","0","0","0","0","0","0","0"
"10715  :  โรงพยาบาลแพร่","0","0","0","0","0","0","0","0","0","0","0","0","0"
"11166  :  โรงพยาบาลร้องกวาง","0","0","0","0","0","0","0","0","0","0","0","0","0"
"11167  :  โรงพยาบาลลอง","0","0","0","0","0","0","0","0","0","0","0","0","0"
"11169  :  โรงพยาบาลสูงเม่น","0","0","0","0","0","0","0","0","0","0","0","0","0"
"11170  :  โรงพยาบาลสอง","0","0","0","0","0","0","0","0","0","0","0","0","0"
"11171  :  โรงพยาบาลวังชิ้น","0","0","0","0","0","0","0","0","0","0","0","0","0"
"11172  :  โรงพยาบาลหนองม่วงไข่","0","0","0","0","0","0","0","0","0","0","0","0","0"
"11452  :  โรงพยาบาลสมเด็จพระยุพราชเด่นชัย","0","0","0","0","0","0","0","0","0","0","0","0","0"
"10716  :  โรงพยาบาลน่าน","0","0","0","0","0","0","0","0","0","0","0","0","0"
"11173  :  โรงพยาบาลแม่จริม","0","0","0","0","0","0","0","0","0","0","0","0","0"
"11174  :  โรงพยาบาลบ้านหลวง","0","0","0","0","0","0","0","0","0","0","0","0","0"
"11175  :  โรงพยาบาลนาน้อย","0","0","0","0","0","0","0","0","0","0","0","0","0"
"11176  :  โรงพยาบาลท่าวังผา","0","0","0","0","0","0","0","0","0","0","0","0","0"
"11177  :  โรงพยาบาลเวียงสา","0","0","0","0","0","0","0","0","0","0","0","0","0"
"11178  :  โรงพยาบาลทุ่งช้าง","1","0","0","0","1","0","0","0","0","0","0","0","0"
"11179  :  โรงพยาบาลเชียงกลาง","0","0","0","0","0","0","0","0","0","0","0","0","0"
"11180  :  โรงพยาบาลนาหมื่น","0","0","0","0","0","0","0","0","0","0","0","0","0"
"11181  :  โรงพยาบาลสันติสุข","0","0","0","0","0","0","0","0","0","0","0","0","0"
"11182  :  โรงพยาบาลบ่อเกลือ","0","0","0","0","0","0","0","0","0","0","0","0","0"
"11183  :  โรงพยาบาลสองแคว","0","0","0","0","0","0","0","0","0","0","0","0","0"
"11453  :  โรงพยาบาลสมเด็จพระยุพราชปัว","0","0","0","0","0","0","0","0","0","0","0","0","0"
"11510  :  โรงพยาบาลค่ายสุริยพงษ์","0","0","0","0","0","0","0","0","0","0","0","0","0"
"11625  :  โรงพยาบาลเฉลิมพระเกียรติ","0","0","0","0","0","0","0","0","0","0","0","0","0"
"25017  :  โรงพยาบาลภูเพียง","0","0","0","0","0","0","0","0","0","0","0","0","0"
"10717  :  โรงพยาบาลพะเยา","0","0","0","0","0","0","0","0","0","0","0","0","0"
"10718  :  โรงพยาบาลเชียงคำ","2","1","0","0","0","0","1","0","0","0","0","0","0"
"11184  :  โรงพยาบาลจุน","0","0","0","0","0","0","0","0","0","0","0","0","0"
"11185  :  โรงพยาบาลเชียงม่วน","0","0","0","0","0","0","0","0","0","0","0","0","0"
"11186  :  โรงพยาบาลดอกคำใต้","0","0","0","0","0","0","0","0","0","0","0","0","0"
"11187  :  โรงพยาบาลปง","0","0","0","0","0","0","0","0","0","0","0","0","0"
"11188  :  โรงพยาบาลแม่ใจ","0","0","0","0","0","0","0","0","0","0","0","0","0"
"15140  :  โรงพยาบาลค่ายขุนเจืองธรรมิกราช","0","0","0","0","0","0","0","0","0","0","0","0","0"
"40744  :  โรงพยาบาลภูซาง","0","0","0","0","0","0","0","0","0","0","0","0","0"
"40745  :  โรงพยาบาลภูกามยาว","0","0","0","0","0","0","0","0","0","0","0","0","0"
"41347  :  โรงพยาบาลมหาวิทยาลัยพะเยา","0","0","0","0","0","0","0","0","0","0","0","0","0"
"10674  :  โรงพยาบาลเชียงรายประชานุเคราะห์","1","0","0","1","0","0","0","0","0","0","0","0","0"
"11189  :  โรงพยาบาลเทิง","0","0","0","0","0","0","0","0","0","0","0","0","0"
"11190  :  โรงพยาบาลพาน","1","0","1","0","0","0","0","0","0","0","0","0","0"
"11191  :  โรงพยาบาลป่าแดด","0","0","0","0","0","0","0","0","0","0","0","0","0"
"11192  :  โรงพยาบาลแม่จัน","1","0","0","0","0","0","0","1","0","0","0","0","0"
"11193  :  โรงพยาบาลเชียงแสน","1","1","0","0","0","0","0","0","0","0","0","0","0"
"11194  :  โรงพยาบาลแม่สาย","7","1","0","3","1","1","1","0","0","0","0","0","0"
"11195  :  โรงพยาบาลแม่สรวย","17","1","1","1","4","3","5","0","2","0","0","0","0"
"11196  :  โรงพยาบาลเวียงป่าเป้า","6","0","4","0","0","0","2","0","0","0","0","0","0"
"11197  :  โรงพยาบาลพญาเม็งราย","0","0","0","0","0","0","0","0","0","0","0","0","0"
"11198  :  โรงพยาบาลเวียงแก่น","3","0","0","1","2","0","0","0","0","0","0","0","0"
"11199  :  โรงพยาบาลขุนตาล","0","0","0","0","0","0","0","0","0","0","0","0","0"
"11200  :  โรงพยาบาลแม่ฟ้าหลวง","1","0","0","0","0","1","0","0","0","0","0","0","0"
"11201  :  โรงพยาบาลแม่ลาว","0","0","0","0","0","0","0","0","0","0","0","0","0"
"11202  :  โรงพยาบาลเวียงเชียงรุ้ง","0","0","0","0","0","0","0","0","0","0","0","0","0"
"11454  :  โรงพยาบาลสมเด็จพระยุพราชเชียงของ","4","1","1","1","0","1","0","0","0","0","0","0","0"
"15012  :  โรงพยาบาลสมเด็จพระญาณสังวร","1","1","0","0","0","0","0","0","0","0","0","0","0"
"23429  :  โรงพยาบาลมหาวิทยาลัยแม่ฟ้าหลวง","0","0","0","0","0","0","0","0","0","0","0","0","0"
"28823  :  โรงพยาบาลดอยหลวง","0","0","0","0","0","0","0","0","0","0","0","0","0"
"41509  :  โรงพยาบาลศูนย์การแพทย์มหาวิทยาลัยแม่ฟ้าหลวง","0","0","0","0","0","0","0","0","0","0","0","0","0"
"10719  :  โรงพยาบาลศรีสังวาลย์","90","18","9","11","18","14","10","10","0","0","0","0","0"
"11203  :  โรงพยาบาลขุนยวม","3","0","0","0","0","2","1","0","0","0","0","0","0"
"11204  :  โรงพยาบาลปาย","54","16","8","4","5","12","3","5","1","0","0","0","0"
"11205  :  โรงพยาบาลแม่สะเรียง","9","2","0","1","2","2","2","0","0","0","0","0","0"
"11206  :  โรงพยาบาลแม่ลาน้อย","1","0","0","0","0","0","1","0","0","0","0","0","0"
"11207  :  โรงพยาบาลสบเมย","0","0","0","0","0","0","0","0","0","0","0","0","0"
"11208  :  โรงพยาบาลปางมะผ้า","20","1","5","4","2","2","4","0","2","0","0","0","0"
"14197  :  โรงพยาบาลธัญญรักษ์แม่ฮ่องสอน","0","0","0","0","0","0","0","0","0","0","0","0","0"
"10675  :  โรงพยาบาลสวรรค์ประชารักษ์","0","0","0","0","0","0","0","0","0","0","0","0","0"
"11209  :  โรงพยาบาลโกรกพระ","1","0","0","0","1","0","0","0","0","0","0","0","0"
"11210  :  โรงพยาบาลชุมแสง","2","0","0","1","0","1","0","0","0","0","0","0","0"
"11211  :  โรงพยาบาลหนองบัว","0","0","0","0","0","0","0","0","0","0","0","0","0"
"11212  :  โรงพยาบาลบรรพตพิสัย","6","0","4","0","0","0","0","0","2","0","0","0","0"
"11213  :  โรงพยาบาลเก้าเลี้ยว","0","0","0","0","0","0","0","0","0","0","0","0","0"
"11214  :  โรงพยาบาลตาคลี","0","0","0","0","0","0","0","0","0","0","0","0","0"
"11215  :  โรงพยาบาลท่าตะโก","0","0","0","0","0","0","0","0","0","0","0","0","0"
"11216  :  โรงพยาบาลไพศาลี","0","0","0","0","0","0","0","0","0","0","0","0","0"
"11217  :  โรงพยาบาลพยุหะคีรี","0","0","0","0","0","0","0","0","0","0","0","0","0"
"11218  :  โรงพยาบาลลาดยาว","4","0","2","0","1","0","1","0","0","0","0","0","0"
"11219  :  โรงพยาบาลตากฟ้า","0","0","0","0","0","0","0","0","0","0","0","0","0"
"11220  :  โรงพยาบาลแม่วงก์","0","0","0","0","0","0","0","0","0","0","0","0","0"
"11513  :  โรงพยาบาลค่ายจิรประวัติ","0","0","0","0","0","0","0","0","0","0","0","0","0"
"12030  :  โรงพยาบาลพริ้นซ์ ปากน้ำโพ 1 โรงพยาบาลทั่วไปขนาดใหญ่","0","0","0","0","0","0","0","0","0","0","0","0","0"
"12033  :  โรงพยาบาลรวมแพทย์นครสวรรค์","0","0","0","0","0","0","0","0","0","0","0","0","0"
"12034  :  โรงพยาบาลพริ้นซ์ ปากน้ำโพ 2 โรงพยาบาลทั่วไปขนาดใหญ่","0","0","0","0","0","0","0","0","0","0","0","0","0"
"12042  :  โรงพยาบาลร่มฉัตร","0","0","0","0","0","0","0","0","0","0","0","0","0"
"12044  :  โรงพยาบาลศรีสวรรค์","0","0","0","0","0","0","0","0","0","0","0","0","0"
"12284  :  โรงพยาบาลส่งเสริมสุขภาพ ศูนย์อนามัยที่ 3","0","0","0","0","0","0","0","0","0","0","0","0","0"
"14171  :  โรงพยาบาลจิตเวชนครสวรรค์ราชนครินทร์","0","0","0","0","0","0","0","0","0","0","0","0","0"
"40749  :  โรงพยาบาลชุมตาบง","0","0","0","0","0","0","0","0","0","0","0","0","0"
"10720  :  โรงพยาบาลอุทัยธานี","0","0","0","0","0","0","0","0","0","0","0","0","0"
"11221  :  โรงพยาบาลทัพทัน","0","0","0","0","0","0","0","0","0","0","0","0","0"
"11222  :  โรงพยาบาลสว่างอารมณ์","0","0","0","0","0","0","0","0","0","0","0","0","0"
"11223  :  โรงพยาบาลหนองฉาง","0","0","0","0","0","0","0","0","0","0","0","0","0"
"11224  :  โรงพยาบาลหนองขาหย่าง","0","0","0","0","0","0","0","0","0","0","0","0","0"
"11225  :  โรงพยาบาลบ้านไร่","3","1","0","0","0","2","0","0","0","0","0","0","0"
"11226  :  โรงพยาบาลลานสัก","0","0","0","0","0","0","0","0","0","0","0","0","0"
"11227  :  โรงพยาบาลห้วยคต","1","1","0","0","0","0","0","0","0","0","0","0","0"
"10721  :  โรงพยาบาลกำแพงเพชร","0","0","0","0","0","0","0","0","0","0","0","0","0"
"11228  :  โรงพยาบาลทุ่งโพธิ์ทะเล","1","0","1","0","0","0","0","0","0","0","0","0","0"
"11229  :  โรงพยาบาลไทรงาม","0","0","0","0","0","0","0","0","0","0","0","0","0"
"11230  :  โรงพยาบาลคลองลาน","0","0","0","0","0","0","0","0","0","0","0","0","0"
"11231  :  โรงพยาบาลขาณุวรลักษบุรี","0","0","0","0","0","0","0","0","0","0","0","0","0"
"11232  :  โรงพยาบาลคลองขลุง","60","20","3","8","12","12","3","0","2","0","0","0","0"
"11233  :  โรงพยาบาลพรานกระต่าย","0","0","0","0","0","0","0","0","0","0","0","0","0"
"11234  :  โรงพยาบาลลานกระบือ","0","0","0","0","0","0","0","0","0","0","0","0","0"
"11235  :  โรงพยาบาลทรายทองวัฒนา","4","0","0","0","2","0","0","2","0","0","0","0","0"
"11236  :  โรงพยาบาลปางศิลาทอง","0","0","0","0","0","0","0","0","0","0","0","0","0"
"14135  :  โรงพยาบาลบึงสามัคคี","2","0","0","0","0","0","0","2","0","0","0","0","0"
"28010  :  โรงพยาบาลโกสัมพีนคร","0","0","0","0","0","0","0","0","0","0","0","0","0"
"10722  :  โรงพยาบาลสมเด็จพระเจ้าตากสินมหาราช","4","0","0","0","2","2","0","0","0","0","0","0","0"
"10723  :  โรงพยาบาลแม่สอด","364","31","60","41","58","46","58","39","31","0","0","0","0"
"11238  :  โรงพยาบาลบ้านตาก","0","0","0","0","0","0","0","0","0","0","0","0","0"
"11239  :  โรงพยาบาลสามเงา","0","0","0","0","0","0","0","0","0","0","0","0","0"
"11240  :  โรงพยาบาลแม่ระมาด","71","1","12","9","15","14","5","8","7","0","0","0","0"
"11241  :  โรงพยาบาลท่าสองยาง","108","16","20","12","15","12","12","13","8","0","0","0","0"
"11242  :  โรงพยาบาลพบพระ","179","27","23","29","41","21","17","18","3","0","0","0","0"
"11243  :  โรงพยาบาลอุ้มผาง","43","3","2","7","5","8","14","3","1","0","0","0","0"
"27443  :  โรงพยาบาลวังเจ้า","0","0","0","0","0","0","0","0","0","0","0","0","0"
"10724  :  โรงพยาบาลสุโขทัย","3","1","1","1","0","0","0","0","0","0","0","0","0"
"10725  :  โรงพยาบาลศรีสังวรสุโขทัย","0","0","0","0","0","0","0","0","0","0","0","0","0"
"11244  :  โรงพยาบาลบ้านด่านลานหอย","0","0","0","0","0","0","0","0","0","0","0","0","0"
"11245  :  โรงพยาบาลคีรีมาศ","0","0","0","0","0","0","0","0","0","0","0","0","0"
"11246  :  โรงพยาบาลกงไกรลาศ","0","0","0","0","0","0","0","0","0","0","0","0","0"
"11247  :  โรงพยาบาลศรีสัชนาลัย","0","0","0","0","0","0","0","0","0","0","0","0","0"
"11248  :  โรงพยาบาลสวรรคโลก","1","0","1","0","0","0","0","0","0","0","0","0","0"
"11249  :  โรงพยาบาลศรีนคร","0","0","0","0","0","0","0","0","0","0","0","0","0"
"11250  :  โรงพยาบาลทุ่งเสลี่ยม","0","0","0","0","0","0","0","0","0","0","0","0","0"
"10676  :  โรงพยาบาลพุทธชินราช","17","5","2","2","2","3","3","0","0","0","0","0","0"
"11251  :  โรงพยาบาลชาติตระการ","0","0","0","0","0","0","0","0","0","0","0","0","0"
"11252  :  โรงพยาบาลบางระกำ","0","0","0","0","0","0","0","0","0","0","0","0","0"
"11253  :  โรงพยาบาลบางกระทุ่ม","0","0","0","0","0","0","0","0","0","0","0","0","0"
"11254  :  โรงพยาบาลพรหมพิราม","1","0","0","0","0","1","0","0","0","0","0","0","0"
"11255  :  โรงพยาบาลวัดโบสถ์","0","0","0","0","0","0","0","0","0","0","0","0","0"
"11256  :  โรงพยาบาลวังทอง","0","0","0","0","0","0","0","0","0","0","0","0","0"
"11257  :  โรงพยาบาลเนินมะปราง","0","0","0","0","0","0","0","0","0","0","0","0","0"
"11455  :  โรงพยาบาลสมเด็จพระยุพราชนครไทย","0","0","0","0","0","0","0","0","0","0","0","0","0"
"11517  :  โรงพยาบาลค่ายสมเด็จพระนเรศวร","0","0","0","0","0","0","0","0","0","0","0","0","0"
"14972  :  โรงพยาบาลมหาวิทยาลัยนเรศวร","0","0","0","0","0","0","0","0","0","0","0","0","0"
"41429  :  โรงพยาบาลจิตเวชพิษณุโลก","0","0","0","0","0","0","0","0","0","0","0","0","0"
"10726  :  โรงพยาบาลพิจิตร","2","0","0","0","1","0","1","0","0","0","0","0","0"
"11258  :  โรงพยาบาลวังทรายพูน","0","0","0","0","0","0","0","0","0","0","0","0","0"
"11259  :  โรงพยาบาลโพธิ์ประทับช้าง","0","0","0","0","0","0","0","0","0","0","0","0","0"
"11260  :  โรงพยาบาลบางมูลนาก","0","0","0","0","0","0","0","0","0","0","0","0","0"
"11261  :  โรงพยาบาลโพทะเล","0","0","0","0","0","0","0","0","0","0","0","0","0"
"11262  :  โรงพยาบาลสามง่าม","0","0","0","0","0","0","0","0","0","0","0","0","0"
"11263  :  โรงพยาบาลทับคล้อ","0","0","0","0","0","0","0","0","0","0","0","0","0"
"11456  :  โรงพยาบาลสมเด็จพระยุพราชตะพานหิน","0","0","0","0","0","0","0","0","0","0","0","0","0"
"11631  :  โรงพยาบาลวชิรบารมี","0","0","0","0","0","0","0","0","0","0","0","0","0"
"27978  :  โรงพยาบาลสากเหล็ก","0","0","0","0","0","0","0","0","0","0","0","0","0"
"27979  :  โรงพยาบาลบึงนาราง","0","0","0","0","0","0","0","0","0","0","0","0","0"
"27980  :  โรงพยาบาลดงเจริญ","0","0","0","0","0","0","0","0","0","0","0","0","0"
"10727  :  โรงพยาบาลเพชรบูรณ์","0","0","0","0","0","0","0","0","0","0","0","0","0"
"11264  :  โรงพยาบาลชนแดน","0","0","0","0","0","0","0","0","0","0","0","0","0"
"11265  :  โรงพยาบาลหล่มสัก","0","0","0","0","0","0","0","0","0","0","0","0","0"
"11266  :  โรงพยาบาลวิเชียรบุรี","0","0","0","0","0","0","0","0","0","0","0","0","0"
"11267  :  โรงพยาบาลศรีเทพ","1","0","1","0","0","0","0","0","0","0","0","0","0"
"11268  :  โรงพยาบาลหนองไผ่","3","1","0","0","1","1","0","0","0","0","0","0","0"
"11269  :  โรงพยาบาลบึงสามพัน","3","0","2","0","1","0","0","0","0","0","0","0","0"
"11270  :  โรงพยาบาลน้ำหนาว","0","0","0","0","0","0","0","0","0","0","0","0","0"
"11271  :  โรงพยาบาลวังโป่ง","0","0","0","0","0","0","0","0","0","0","0","0","0"
"11272  :  โรงพยาบาลเขาค้อ","0","0","0","0","0","0","0","0","0","0","0","0","0"
"11457  :  โรงพยาบาลสมเด็จพระยุพราชหล่มเก่า","8","0","2","3","1","2","0","0","0","0","0","0","0"
"11946  :  โรงพยาบาลค่ายพ่อขุนผาเมือง","0","0","0","0","0","0","0","0","0","0","0","0","0"
"10677  :  โรงพยาบาลราชบุรี","3","0","0","1","0","0","2","0","0","0","0","0","0"
"10728  :  โรงพยาบาลดำเนินสะดวก","26","4","1","8","2","7","3","1","0","0","0","0","0"
"10729  :  โรงพยาบาลบ้านโป่ง","18","5","2","4","7","0","0","0","0","0","0","0","0"
"10730  :  โรงพยาบาลโพธาราม","29","8","10","4","4","1","2","0","0","0","0","0","0"
"11273  :  โรงพยาบาลสวนผึ้ง","0","0","0","0","0","0","0","0","0","0","0","0","0"
"11274  :  โรงพยาบาลบางแพ","0","0","0","0","0","0","0","0","0","0","0","0","0"
"11275  :  โรงพยาบาลเจ็ดเสมียน","0","0","0","0","0","0","0","0","0","0","0","0","0"
"11276  :  โรงพยาบาลปากท่อ","2","1","0","1","0","0","0","0","0","0","0","0","0"
"11277  :  โรงพยาบาลวัดเพลง","2","1","0","1","0","0","0","0","0","0","0","0","0"
"11458  :  โรงพยาบาลสมเด็จพระยุพราชจอมบึง","42","7","5","8","7","4","7","4","0","0","0","0","0"
"11519  :  โรงพยาบาลค่ายภาณุรังษี","0","0","0","0","0","0","0","0","0","0","0","0","0"
"12093  :  สถานพยาบาลแพทย์ประดิษฐ์","0","0","0","0","0","0","0","0","0","0","0","0","0"
"12097  :  มหาชัยพร้อมแพทย์โรงพยาบาลทั่วไปขนาดกลาง","0","0","0","0","0","0","0","0","0","0","0","0","0"
"12098  :  โรงพยาบาลกรุงเทพเมืองราชโรงพยาบาลทั่วไปขนาดใหญ่","0","0","0","0","0","0","0","0","0","0","0","0","0"
"12103  :  โรงพยาบาลซานคามิลโล","0","0","0","0","0","0","0","0","0","0","0","0","0"
"12286  :  โรงพยาบาลส่งเสริมสุขภาพ ศูนย์อนามัยที่ 5","0","0","0","0","0","0","0","0","0","0","0","0","0"
"28858  :  โรงพยาบาลบ้านคา","0","0","0","0","0","0","0","0","0","0","0","0","0"
"10731  :  โรงพยาบาลพหลพลพยุหเสนา","259","45","43","48","25","22","33","33","10","0","0","0","0"
"10732  :  โรงพยาบาลมะการักษ์","0","0","0","0","0","0","0","0","0","0","0","0","0"
"11278  :  โรงพยาบาลไทรโยค","3","0","1","1","0","0","0","0","1","0","0","0","0"
"11279  :  โรงพยาบาลสมเด็จพระปิยมหาราชรมณียเขต","1","0","0","1","0","0","0","0","0","0","0","0","0"
"11280  :  โรงพยาบาลบ่อพลอย","12","3","2","1","0","5","1","0","0","0","0","0","0"
"11281  :  โรงพยาบาลท่ากระดาน","1","0","0","0","0","0","1","0","0","0","0","0","0"
"11282  :  โรงพยาบาลสมเด็จพระสังฆราชองค์ที่ ๑๙","26","3","8","4","2","4","3","2","0","0","0","0","0"
"11283  :  โรงพยาบาลทองผาภูมิ","353","59","51","45","39","39","54","40","26","0","0","0","0"
"11284  :  โรงพยาบาลสังขละบุรี","65","5","7","8","15","7","9","8","6","0","0","0","0"
"11285  :  โรงพยาบาลเจ้าคุณไพบูลย์พนมทวน","13","2","2","2","1","1","4","1","0","0","0","0","0"
"11286  :  โรงพยาบาลเลาขวัญ","0","0","0","0","0","0","0","0","0","0","0","0","0"
"11287  :  โรงพยาบาลด่านมะขามเตี้ย","0","0","0","0","0","0","0","0","0","0","0","0","0"
"11288  :  โรงพยาบาลสถานพระบารมี","1","0","0","0","1","0","0","0","0","0","0","0","0"
"11520  :  โรงพยาบาลค่ายสุรสีห์","0","0","0","0","0","0","0","0","0","0","0","0","0"
"14136  :  โรงพยาบาลศุกร์ศิริศรีสวัสดิ์","7","1","1","3","0","0","2","0","0","0","0","0","0"
"21948  :  โรงพยาบาลห้วยกระเจา เฉลิมพระเกียรติ 80 พรรษา","0","0","0","0","0","0","0","0","0","0","0","0","0"
"41701  :  โรงพยาบาลหนองปรือ","0","0","0","0","0","0","0","0","0","0","0","0","0"
"10678  :  โรงพยาบาลเจ้าพระยายมราช","7","6","1","0","0","0","0","0","0","0","0","0","0"
"10733  :  โรงพยาบาลสมเด็จพระสังฆราชองค์ที่17","89","10","17","9","10","12","15","8","8","0","0","0","0"
"11289  :  โรงพยาบาลเดิมบางนางบวช","0","0","0","0","0","0","0","0","0","0","0","0","0"
"11290  :  โรงพยาบาลด่านช้าง","0","0","0","0","0","0","0","0","0","0","0","0","0"
"11291  :  โรงพยาบาลบางปลาม้า","0","0","0","0","0","0","0","0","0","0","0","0","0"
"11292  :  โรงพยาบาลศรีประจันต์","0","0","0","0","0","0","0","0","0","0","0","0","0"
"11293  :  โรงพยาบาลดอนเจดีย์","7","0","0","0","3","3","0","0","1","0","0","0","0"
"11294  :  โรงพยาบาลสามชุก","0","0","0","0","0","0","0","0","0","0","0","0","0"
"11295  :  โรงพยาบาลอู่ทอง","26","7","5","2","5","2","3","2","0","0","0","0","0"
"11296  :  โรงพยาบาลหนองหญ้าไซ","0","0","0","0","0","0","0","0","0","0","0","0","0"
"12123  :  โรงพยาบาลวิภาวดี-ปิยราษฎร์","0","0","0","0","0","0","0","0","0","0","0","0","0"
"10679  :  โรงพยาบาลนครปฐม","0","0","0","0","0","0","0","0","0","0","0","0","0"
"11297  :  โรงพยาบาลกำแพงแสน","0","0","0","0","0","0","0","0","0","0","0","0","0"
"11298  :  โรงพยาบาลนครชัยศรี","0","0","0","0","0","0","0","0","0","0","0","0","0"
"11299  :  โรงพยาบาลห้วยพลู","0","0","0","0","0","0","0","0","0","0","0","0","0"
"11300  :  โรงพยาบาลดอนตูม","6","1","1","2","0","0","1","1","0","0","0","0","0"
"11301  :  โรงพยาบาลบางเลน","28","2","0","6","7","0","13","0","0","0","0","0","0"
"11302  :  โรงพยาบาลสามพราน","54","11","6","9","16","12","0","0","0","0","0","0","0"
"11303  :  โรงพยาบาลพุทธมณฑล","0","0","0","0","0","0","0","0","0","0","0","0","0"
"11473  :  โรงพยาบาลเมตตาประชารักษ์(วัดไร่ขิง)","0","0","0","0","0","0","0","0","0","0","0","0","0"
"11521  :  โรงพยาบาลจันทรุเบกษา","0","0","0","0","0","0","0","0","0","0","0","0","0"
"13819  :  โรงพยาบาลหลวงพ่อเปิ่น","1","0","0","0","0","1","0","0","0","0","0","0","0"
"10734  :  โรงพยาบาลสมุทรสาคร","0","0","0","0","0","0","0","0","0","0","0","0","0"
"11304  :  โรงพยาบาลกระทุ่มแบน","0","0","0","0","0","0","0","0","0","0","0","0","0"
"11305  :  โรงพยาบาลบ้านแพ้ว","0","0","0","0","0","0","0","0","0","0","0","0","0"
"12137  :  โรงพยาบาลทั่วไปขนาดเล็กเจษฎา","3","0","0","0","0","3","0","0","0","0","0","0","0"
"10735  :  โรงพยาบาลสมเด็จพระพุทธเลิศหล้า","0","0","0","0","0","0","0","0","0","0","0","0","0"
"11306  :  โรงพยาบาลนภาลัย","0","0","0","0","0","0","0","0","0","0","0","0","0"
"11307  :  โรงพยาบาลอัมพวา","0","0","0","0","0","0","0","0","0","0","0","0","0"
"10736  :  โรงพยาบาลพระจอมเกล้า","0","0","0","0","0","0","0","0","0","0","0","0","0"
"11308  :  โรงพยาบาลเขาย้อย","15","6","0","2","3","2","0","2","0","0","0","0","0"
"11309  :  โรงพยาบาลหนองหญ้าปล้อง","0","0","0","0","0","0","0","0","0","0","0","0","0"
"11310  :  โรงพยาบาลชะอำ","17","4","2","4","3","3","0","1","0","0","0","0","0"
"11311  :  โรงพยาบาลท่ายาง","1","0","0","0","0","0","1","0","0","0","0","0","0"
"11312  :  โรงพยาบาลบ้านลาด","1","0","1","0","0","0","0","0","0","0","0","0","0"
"11313  :  โรงพยาบาลบ้านแหลม","0","0","0","0","0","0","0","0","0","0","0","0","0"
"11314  :  โรงพยาบาลแก่งกระจาน","1","0","0","0","0","1","0","0","0","0","0","0","0"
"10737  :  โรงพยาบาลประจวบคีรีขันธ์","0","0","0","0","0","0","0","0","0","0","0","0","0"
"11315  :  โรงพยาบาลกุยบุรี","11","0","6","0","1","2","2","0","0","0","0","0","0"
"11316  :  โรงพยาบาลทับสะแก","11","3","0","1","3","0","3","1","0","0","0","0","0"
"11317  :  โรงพยาบาลบางสะพาน","45","8","11","11","6","5","3","1","0","0","0","0","0"
"11318  :  โรงพยาบาลบางสะพานน้อย","1","0","0","0","0","0","0","1","0","0","0","0","0"
"11319  :  โรงพยาบาลปราณบุรี","15","4","2","3","2","3","1","0","0","0","0","0","0"
"11320  :  โรงพยาบาลหัวหิน","0","0","0","0","0","0","0","0","0","0","0","0","0"
"11321  :  โรงพยาบาลสามร้อยยอด","30","1","4","6","5","4","5","4","1","0","0","0","0"
"11500  :  โรงพยาบาลกองบิน 5","0","0","0","0","0","0","0","0","0","0","0","0","0"
"11522  :  โรงพยาบาลค่ายธนะรัชต์","0","0","0","0","0","0","0","0","0","0","0","0","0"
"12471  :  สถานีกาชาดหัวหินเฉลิมพระเกียรติ","0","0","0","0","0","0","0","0","0","0","0","0","0"
"10680  :  โรงพยาบาลมหาราชนครศรีธรรมราช","4","0","0","0","1","1","2","0","0","0","0","0","0"
"11322  :  โรงพยาบาลพรหมคีรี","0","0","0","0","0","0","0","0","0","0","0","0","0"
"11324  :  โรงพยาบาลลานสะกา","0","0","0","0","0","0","0","0","0","0","0","0","0"
"11325  :  โรงพยาบาลสมเด็จพระยุพราชฉวาง","26","3","1","2","4","6","2","7","1","0","0","0","0"
"11326  :  โรงพยาบาลพิปูน","0","0","0","0","0","0","0","0","0","0","0","0","0"
"11327  :  โรงพยาบาลเชียรใหญ่","0","0","0","0","0","0","0","0","0","0","0","0","0"
"11328  :  โรงพยาบาลชะอวด","2","0","0","0","0","0","0","2","0","0","0","0","0"
"11329  :  โรงพยาบาลท่าศาลา","0","0","0","0","0","0","0","0","0","0","0","0","0"
"11330  :  โรงพยาบาลทุ่งสง","0","0","0","0","0","0","0","0","0","0","0","0","0"
"11331  :  โรงพยาบาลนาบอน","0","0","0","0","0","0","0","0","0","0","0","0","0"
"11332  :  โรงพยาบาลทุ่งใหญ่","0","0","0","0","0","0","0","0","0","0","0","0","0"
"11333  :  โรงพยาบาลปากพนัง","1","0","1","0","0","0","0","0","0","0","0","0","0"
"11334  :  โรงพยาบาลร่อนพิบูลย์","0","0","0","0","0","0","0","0","0","0","0","0","0"
"11335  :  โรงพยาบาลสิชล","33","0","9","6","3","0","9","6","0","0","0","0","0"
"11336  :  โรงพยาบาลขนอม","2","0","0","0","0","0","0","1","1","0","0","0","0"
"11337  :  โรงพยาบาลหัวไทร","0","0","0","0","0","0","0","0","0","0","0","0","0"
"11338  :  โรงพยาบาลบางขัน","0","0","0","0","0","0","0","0","0","0","0","0","0"
"11339  :  โรงพยาบาลถ้ำพรรณรา","0","0","0","0","0","0","0","0","0","0","0","0","0"
"11523  :  โรงพยาบาลค่ายวชิราวุธ","0","0","0","0","0","0","0","0","0","0","0","0","0"
"11660  :  โรงพยาบาลจุฬาภรณ์","0","0","0","0","0","0","0","0","0","0","0","0","0"
"12287  :  โรงพยาบาลส่งเสริมสุขภาพ ศูนย์อนามัยที่ 11","0","0","0","0","0","0","0","0","0","0","0","0","0"
"12472  :  สถานีกาชาดสิริธร (สถานีกาชาดที่ 12 ทุ่งสง)","0","0","0","0","0","0","0","0","0","0","0","0","0"
"14918  :  โรงพยาบาลค่ายเทพสตรีศรีสุนทร","0","0","0","0","0","0","0","0","0","0","0","0","0"
"21771  :  โรงพยาบาลเทศบาลนครนครศรีธรรมราช","0","0","0","0","0","0","0","0","0","0","0","0","0"
"40491  :  โรงพยาบาลเฉลิมพระเกียรติ","0","0","0","0","0","0","0","0","0","0","0","0","0"
"40492  :  โรงพยาบาลพ่อท่านคล้ายวาจาสิทธิ์","0","0","0","0","0","0","0","0","0","0","0","0","0"
"40742  :  โรงพยาบาลนบพิตำ","0","0","0","0","0","0","0","0","0","0","0","0","0"
"40743  :  โรงพยาบาลพระพรหม","0","0","0","0","0","0","0","0","0","0","0","0","0"
"40970  :  โรงพยาบาลศูนย์การแพทย์มหาวิทยาลัยวลัยลักษณ์","0","0","0","0","0","0","0","0","0","0","0","0","0"
"10738  :  โรงพยาบาลกระบี่","66","11","8","15","5","8","7","11","1","0","0","0","0"
"11340  :  โรงพยาบาลเขาพนม","1","0","0","0","0","0","1","0","0","0","0","0","0"
"11341  :  โรงพยาบาลเกาะลันตา","0","0","0","0","0","0","0","0","0","0","0","0","0"
"11342  :  โรงพยาบาลคลองท่อม","0","0","0","0","0","0","0","0","0","0","0","0","0"
"11343  :  โรงพยาบาลอ่าวลึก","0","0","0","0","0","0","0","0","0","0","0","0","0"
"11344  :  โรงพยาบาลปลายพระยา","0","0","0","0","0","0","0","0","0","0","0","0","0"
"11345  :  โรงพยาบาลลำทับ","0","0","0","0","0","0","0","0","0","0","0","0","0"
"11346  :  โรงพยาบาลเหนือคลอง","0","0","0","0","0","0","0","0","0","0","0","0","0"
"77753  :  โรงพยาบาลเกาะพีพี","0","0","0","0","0","0","0","0","0","0","0","0","0"
"10739  :  โรงพยาบาลพังงา","0","0","0","0","0","0","0","0","0","0","0","0","0"
"10740  :  โรงพยาบาลตะกั่วป่า","0","0","0","0","0","0","0","0","0","0","0","0","0"
"11347  :  โรงพยาบาลเกาะยาวชัยพัฒน์","2","0","1","0","1","0","0","0","0","0","0","0","0"
"11348  :  โรงพยาบาลกะปงชัยพัฒน์","0","0","0","0","0","0","0","0","0","0","0","0","0"
"11349  :  โรงพยาบาลตะกั่วทุ่ง","7","1","1","2","1","1","1","0","0","0","0","0","0"
"11350  :  โรงพยาบาลบางไทร","0","0","0","0","0","0","0","0","0","0","0","0","0"
"11352  :  โรงพยาบาลคุระบุรีชัยพัฒน์","0","0","0","0","0","0","0","0","0","0","0","0","0"
"11353  :  โรงพยาบาลทับปุด","0","0","0","0","0","0","0","0","0","0","0","0","0"
"11354  :  โรงพยาบาลท้ายเหมืองชัยพัฒน์","1","0","0","0","0","0","0","1","0","0","0","0","0"
"10741  :  โรงพยาบาลวชิระภูเก็ต","0","0","0","0","0","0","0","0","0","0","0","0","0"
"11355  :  โรงพยาบาลป่าตอง","25","6","3","4","0","2","5","3","2","0","0","0","0"
"11356  :  โรงพยาบาลถลาง","11","2","3","2","1","1","2","0","0","0","0","0","0"
"24678  :  โรงพยาบาลองค์การบริหารส่วนจังหวัดภูเก็ต","0","0","0","0","0","0","0","0","0","0","0","0","0"
"41436  :  โรงพยาบาลฉลอง","0","0","0","0","0","0","0","0","0","0","0","0","0"
"09192  :  โรงพยาบาลเกาะเต่า","23","2","0","2","0","7","7","3","2","0","0","0","0"
"10681  :  โรงพยาบาลสุราษฎร์ธานี","6","1","2","1","1","0","0","0","1","0","0","0","0"
"10742  :  โรงพยาบาลเกาะสมุย","21","1","2","0","9","2","6","1","0","0","0","0","0"
"11357  :  โรงพยาบาลกาญจนดิษฐ์","19","4","1","5","1","1","4","3","0","0","0","0","0"
"11358  :  โรงพยาบาลดอนสัก","13","5","0","1","2","1","0","1","3","0","0","0","0"
"11359  :  โรงพยาบาลเกาะพงัน","121","18","31","22","18","6","14","11","1","0","0","0","0"
"11360  :  โรงพยาบาลไชยา","75","12","10","9","5","5","14","10","10","0","0","0","0"
"11361  :  โรงพยาบาลท่าชนะ","10","1","3","3","3","0","0","0","0","0","0","0","0"
"11362  :  โรงพยาบาลคีรีรัฐนิคม","17","3","4","1","5","3","1","0","0","0","0","0","0"
"11363  :  โรงพยาบาลบ้านตาขุน","12","2","0","0","2","4","3","1","0","0","0","0","0"
"11364  :  โรงพยาบาลพนม","8","1","2","2","2","0","1","0","0","0","0","0","0"
"11365  :  โรงพยาบาลท่าฉาง","55","15","4","10","10","3","8","5","0","0","0","0","0"
"11366  :  โรงพยาบาลบ้านนาสาร","17","4","2","1","3","5","2","0","0","0","0","0","0"
"11367  :  โรงพยาบาลบ้านนาเดิม","20","3","2","1","1","5","3","3","2","0","0","0","0"
"11368  :  โรงพยาบาลเคียนซา","33","7","4","1","7","4","5","3","2","0","0","0","0"
"11369  :  โรงพยาบาลพระแสง","11","5","0","0","2","1","2","1","0","0","0","0","0"
"11370  :  โรงพยาบาลพุนพิน","19","4","1","3","3","4","2","1","1","0","0","0","0"
"11371  :  โรงพยาบาลชัยบุรี","2","0","0","1","0","0","1","0","0","0","0","0","0"
"11459  :  โรงพยาบาลสมเด็จพระยุพราชเวียงสระ","15","4","2","0","1","3","0","2","3","0","0","0","0"
"11654  :  โรงพยาบาลวิภาวดี","4","0","1","1","2","0","0","0","0","0","0","0","0"
"12289  :  โรงพยาบาลสวนสราญรมย์","0","0","0","0","0","0","0","0","0","0","0","0","0"
"14138  :  โรงพยาบาลท่าโรงช้าง","44","9","7","11","6","6","3","2","0","0","0","0","0"
"14203  :  โรงพยาบาลมะเร็งสุราษฎร์ธานี","0","0","0","0","0","0","0","0","0","0","0","0","0"
"14862  :  โรงพยาบาลกองบิน7","0","0","0","0","0","0","0","0","0","0","0","0","0"
"14901  :  โรงพยาบาลค่ายวิภาวดีรังสิต","0","0","0","0","0","0","0","0","0","0","0","0","0"
"40915  :  สถาบันสุขภาพจิตเด็กและวัยรุ่นภาคใต้","0","0","0","0","0","0","0","0","0","0","0","0","0"
"10743  :  โรงพยาบาลระนอง","0","0","0","0","0","0","0","0","0","0","0","0","0"
"11323  :  โรงพยาบาลละอุ่น","2","1","0","0","0","0","0","0","1","0","0","0","0"
"11372  :  โรงพยาบาลกะเปอร์","0","0","0","0","0","0","0","0","0","0","0","0","0"
"11373  :  โรงพยาบาลกระบุรี","0","0","0","0","0","0","0","0","0","0","0","0","0"
"11374  :  โรงพยาบาลสุขสำราญ","0","0","0","0","0","0","0","0","0","0","0","0","0"
"10744  :  โรงพยาบาลชุมพรเขตรอุดมศักดิ์","2","2","0","0","0","0","0","0","0","0","0","0","0"
"11375  :  โรงพยาบาลปากน้ำชุมพร","0","0","0","0","0","0","0","0","0","0","0","0","0"
"11376  :  โรงพยาบาลท่าแซะ","3","1","1","1","0","0","0","0","0","0","0","0","0"
"11377  :  โรงพยาบาลปะทิว","5","1","2","1","0","0","0","1","0","0","0","0","0"
"11378  :  โรงพยาบาลมาบอำมฤต","1","0","1","0","0","0","0","0","0","0","0","0","0"
"11379  :  โรงพยาบาลหลังสวน","158","32","21","36","21","9","18","14","7","0","0","0","0"
"11380  :  โรงพยาบาลปากน้ำหลังสวน","0","0","0","0","0","0","0","0","0","0","0","0","0"
"11381  :  โรงพยาบาลละแม","14","2","1","1","2","2","4","2","0","0","0","0","0"
"11382  :  โรงพยาบาลพะโต๊ะ","5","0","0","3","2","0","0","0","0","0","0","0","0"
"11383  :  โรงพยาบาลสวี","0","0","0","0","0","0","0","0","0","0","0","0","0"
"11385  :  โรงพยาบาลทุ่งตะโก","0","0","0","0","0","0","0","0","0","0","0","0","0"
"11525  :  โรงพยาบาลค่ายเขตอุดมศักดิ์","0","0","0","0","0","0","0","0","0","0","0","0","0"
"10682  :  โรงพยาบาลหาดใหญ่","0","0","0","0","0","0","0","0","0","0","0","0","0"
"10745  :  โรงพยาบาลสงขลา","6","0","0","0","1","0","1","4","0","0","0","0","0"
"11386  :  โรงพยาบาลสทิงพระ","0","0","0","0","0","0","0","0","0","0","0","0","0"
"11387  :  โรงพยาบาลจะนะ","0","0","0","0","0","0","0","0","0","0","0","0","0"
"11388  :  โรงพยาบาลสมเด็จพระบรมราชินีนาถ ณ  อำเภอนาทวี","0","0","0","0","0","0","0","0","0","0","0","0","0"
"11390  :  โรงพยาบาลเทพา","0","0","0","0","0","0","0","0","0","0","0","0","0"
"11391  :  โรงพยาบาลสะบ้าย้อย","0","0","0","0","0","0","0","0","0","0","0","0","0"
"11392  :  โรงพยาบาลระโนด","0","0","0","0","0","0","0","0","0","0","0","0","0"
"11393  :  โรงพยาบาลกระแสสินธุ์","0","0","0","0","0","0","0","0","0","0","0","0","0"
"11394  :  โรงพยาบาลรัตภูมิ","0","0","0","0","0","0","0","0","0","0","0","0","0"
"11395  :  โรงพยาบาลสะเดา","4","0","2","0","0","1","0","1","0","0","0","0","0"
"11396  :  โรงพยาบาลนาหม่อม","0","0","0","0","0","0","0","0","0","0","0","0","0"
"11397  :  โรงพยาบาลควนเนียง","0","0","0","0","0","0","0","0","0","0","0","0","0"
"11398  :  โรงพยาบาลปาดังเบซาร์","0","0","0","0","0","0","0","0","0","0","0","0","0"
"11399  :  โรงพยาบาลบางกล่ำ","0","0","0","0","0","0","0","0","0","0","0","0","0"
"11400  :  โรงพยาบาลสิงหนคร","0","0","0","0","0","0","0","0","0","0","0","0","0"
"11401  :  โรงพยาบาลคลองหอยโข่ง","0","0","0","0","0","0","0","0","0","0","0","0","0"
"12290  :  โรงพยาบาลจิตเวชสงขลาราชนครินทร์","0","0","0","0","0","0","0","0","0","0","0","0","0"
"14194  :  โรงพยาบาลธัญญารักษ์สงขลา","0","0","0","0","0","0","0","0","0","0","0","0","0"
"10746  :  โรงพยาบาลสตูล","0","0","0","0","0","0","0","0","0","0","0","0","0"
"11402  :  โรงพยาบาลควนโดน","0","0","0","0","0","0","0","0","0","0","0","0","0"
"11403  :  โรงพยาบาลควนกาหลง","0","0","0","0","0","0","0","0","0","0","0","0","0"
"11404  :  โรงพยาบาลท่าแพ","0","0","0","0","0","0","0","0","0","0","0","0","0"
"11405  :  โรงพยาบาลละงู","0","0","0","0","0","0","0","0","0","0","0","0","0"
"11406  :  โรงพยาบาลทุ่งหว้า","0","0","0","0","0","0","0","0","0","0","0","0","0"
"28786  :  โรงพยาบาลมะนัง","0","0","0","0","0","0","0","0","0","0","0","0","0"
"10683  :  โรงพยาบาลตรัง","0","0","0","0","0","0","0","0","0","0","0","0","0"
"11407  :  โรงพยาบาลกันตัง","0","0","0","0","0","0","0","0","0","0","0","0","0"
"11408  :  โรงพยาบาลย่านตาขาว","0","0","0","0","0","0","0","0","0","0","0","0","0"
"11409  :  โรงพยาบาลปะเหลียน","0","0","0","0","0","0","0","0","0","0","0","0","0"
"11410  :  โรงพยาบาลสิเกา","0","0","0","0","0","0","0","0","0","0","0","0","0"
"11411  :  โรงพยาบาลห้วยยอด","0","0","0","0","0","0","0","0","0","0","0","0","0"
"11412  :  โรงพยาบาลวังวิเศษ","0","0","0","0","0","0","0","0","0","0","0","0","0"
"11413  :  โรงพยาบาลนาโยง","0","0","0","0","0","0","0","0","0","0","0","0","0"
"12226  :  โรงพยาบาลวัฒนแพทย์","0","0","0","0","0","0","0","0","0","0","0","0","0"
"12230  :  โรงพยาบาล ทีอาร์พีเอช โรงพยาบาลทั่วไปขนาดใหญ่","0","0","0","0","0","0","0","0","0","0","0","0","0"
"13755  :  โรงพยาบาลโรคผิวหนังเขตร้อนภาคใต้ จังหวัดตรัง","0","0","0","0","0","0","0","0","0","0","0","0","0"
"14139  :  โรงพยาบาลรัษฎา","0","0","0","0","0","0","0","0","0","0","0","0","0"
"28817  :  โรงพยาบาลหาดสำราญเฉลิมพระเกียรติ 80 พรรษา","0","0","0","0","0","0","0","0","0","0","0","0","0"
"10747  :  โรงพยาบาลพัทลุง","9","2","2","2","1","0","1","1","0","0","0","0","0"
"11414  :  โรงพยาบาลกงหรา","0","0","0","0","0","0","0","0","0","0","0","0","0"
"11415  :  โรงพยาบาลเขาชัยสน","0","0","0","0","0","0","0","0","0","0","0","0","0"
"11416  :  โรงพยาบาลตะโหมด","2","0","0","0","0","0","2","0","0","0","0","0","0"
"11417  :  โรงพยาบาลควนขนุน","1","0","0","1","0","0","0","0","0","0","0","0","0"
"11418  :  โรงพยาบาลปากพะยูน","0","0","0","0","0","0","0","0","0","0","0","0","0"
"11419  :  โรงพยาบาลศรีบรรพต","0","0","0","0","0","0","0","0","0","0","0","0","0"
"11420  :  โรงพยาบาลป่าบอน","1","0","0","0","0","0","0","0","1","0","0","0","0"
"11421  :  โรงพยาบาลบางแก้ว","0","0","0","0","0","0","0","0","0","0","0","0","0"
"11422  :  โรงพยาบาลป่าพะยอม","0","0","0","0","0","0","0","0","0","0","0","0","0"
"24673  :  โรงพยาบาลศรีนครินทร์(ปัญญานันทภิขุ)","0","0","0","0","0","0","0","0","0","0","0","0","0"
"10748  :  โรงพยาบาลปัตตานี","0","0","0","0","0","0","0","0","0","0","0","0","0"
"11423  :  โรงพยาบาลโคกโพธิ์","1","0","0","0","0","0","0","0","1","0","0","0","0"
"11424  :  โรงพยาบาลหนองจิก","0","0","0","0","0","0","0","0","0","0","0","0","0"
"11425  :  โรงพยาบาลปะนาเระ","0","0","0","0","0","0","0","0","0","0","0","0","0"
"11426  :  โรงพยาบาลมายอ","0","0","0","0","0","0","0","0","0","0","0","0","0"
"11427  :  โรงพยาบาลทุ่งยางแดง","0","0","0","0","0","0","0","0","0","0","0","0","0"
"11428  :  โรงพยาบาลไม้แก่น","0","0","0","0","0","0","0","0","0","0","0","0","0"
"11429  :  โรงพยาบาลยะหริ่ง","0","0","0","0","0","0","0","0","0","0","0","0","0"
"11430  :  โรงพยาบาลยะรัง","0","0","0","0","0","0","0","0","0","0","0","0","0"
"11431  :  โรงพยาบาลแม่ลาน","0","0","0","0","0","0","0","0","0","0","0","0","0"
"11460  :  โรงพยาบาลสมเด็จพระยุพราชสายบุรี","0","0","0","0","0","0","0","0","0","0","0","0","0"
"11464  :  โรงพยาบาลกะพ้อ","0","0","0","0","0","0","0","0","0","0","0","0","0"
"11529  :  โรงพยาบาลค่ายอิงคยุทธบริหาร","0","0","0","0","0","0","0","0","0","0","0","0","0"
"14195  :  โรงพยาบาลธัญญรักษ์ปัตตานี","0","0","0","0","0","0","0","0","0","0","0","0","0"
"10684  :  โรงพยาบาลยะลา","0","0","0","0","0","0","0","0","0","0","0","0","0"
"10749  :  โรงพยาบาลเบตง","0","0","0","0","0","0","0","0","0","0","0","0","0"
"11432  :  โรงพยาบาลบันนังสตา","0","0","0","0","0","0","0","0","0","0","0","0","0"
"11433  :  โรงพยาบาลธารโต","0","0","0","0","0","0","0","0","0","0","0","0","0"
"11434  :  โรงพยาบาลรามัน","1","0","0","0","0","0","1","0","0","0","0","0","0"
"11461  :  โรงพยาบาลสมเด็จพระยุพราชยะหา","0","0","0","0","0","0","0","0","0","0","0","0","0"
"12238  :  โรงพยาบาลสิโรรส","0","0","0","0","0","0","0","0","0","0","0","0","0"
"13806  :  โรงพยาบาลกาบัง","0","0","0","0","0","0","0","0","0","0","0","0","0"
"14663  :  โรงพยาบาลส่งเสริมสุขภาพ ศูนย์อนามัยที่ 12","0","0","0","0","0","0","0","0","0","0","0","0","0"
"24689  :  โรงพยาบาลกรงปินัง","0","0","0","0","0","0","0","0","0","0","0","0","0"
"10750  :  โรงพยาบาลนราธิวาสราชนครินทร์","0","0","0","0","0","0","0","0","0","0","0","0","0"
"10751  :  โรงพยาบาลสุไหงโก-ลก","1","0","0","0","0","1","0","0","0","0","0","0","0"
"11435  :  โรงพยาบาลตากใบ","0","0","0","0","0","0","0","0","0","0","0","0","0"
"11436  :  โรงพยาบาลบาเจาะ","0","0","0","0","0","0","0","0","0","0","0","0","0"
"11437  :  โรงพยาบาลระแงะ","0","0","0","0","0","0","0","0","0","0","0","0","0"
"11438  :  โรงพยาบาลรือเสาะ","1","0","1","0","0","0","0","0","0","0","0","0","0"
"11439  :  โรงพยาบาลศรีสาคร","0","0","0","0","0","0","0","0","0","0","0","0","0"
"11440  :  โรงพยาบาลแว้ง","0","0","0","0","0","0","0","0","0","0","0","0","0"
"11441  :  โรงพยาบาลสุคิริน","0","0","0","0","0","0","0","0","0","0","0","0","0"
"11442  :  โรงพยาบาลสุไหงปาดี","0","0","0","0","0","0","0","0","0","0","0","0","0"
"13818  :  โรงพยาบาลจะแนะ","0","0","0","0","0","0","0","0","0","0","0","0","0"
"15010  :  โรงพยาบาลเจาะไอร้อง","0","0","0","0","0","0","0","0","0","0","0","0","0"
"23771  :  โรงพยาบาลยี่งอเฉลิมพระเกียรติ 80 พรรษา","4","0","0","0","4","0","0","0","0","0","0","0","0"